Time_s,Speakers,Headphones
0.0,1853.0,1813.0
0.1,1850.0,1808.0
0.2,1843.0,1802.0
0.3,1840.0,1798.0
0.4,1843.0,1797.0
0.5,1843.0,1790.0
0.6,1844.0,1785.0
0.7,1844.0,1788.0
0.8,1848.0,1792.0
0.9,1850.0,1791.0
1.0,1852.0,1789.0
1.1,1858.0,1787.0
1.2,1867.0,1785.0
1.3,1874.0,1783.0
1.4,1879.0,1788.0
1.5,1888.0,1789.0
1.6,1896.0,1789.0
1.7,1900.0,1789.0
1.8,1905.0,1786.0
1.9,1911.0,1783.0
2.0,1912.0,1780.0
2.1,1911.0,1783.0
2.2,1906.0,1781.0
2.3,1900.0,1782.0
2.4,1893.0,1782.0
2.5,1885.0,1786.0
2.6,1882.0,1787.0
2.7,1878.0,1794.0
2.8,1870.0,1804.0
2.9,1864.0,1810.0
3.0,1859.0,1817.0
3.1,1854.0,1827.0
3.2,1850.0,1832.0
3.3,1850.0,1836.0
3.4,1852.0,1841.0
3.5,1850.0,1849.0
3.6,1848.0,1849.0
3.7,1847.0,1851.0
3.8,1845.0,1848.0
3.9,1844.0,1842.0
4.0,1843.0,1832.0
4.1,1846.0,1821.0
4.2,1842.0,1814.0
4.3,1845.0,1803.0
4.4,1848.0,1796.0
4.5,1853.0,1792.0
4.6,1857.0,1789.0
4.7,1865.0,1790.0
4.8,1878.0,1794.0
4.9,1889.0,1792.0
5.0,1897.0,1788.0
5.1,1904.0,1790.0
5.2,1909.0,1791.0
5.3,1912.0,1789.0
5.4,1909.0,1793.0
5.5,1908.0,1796.0
5.6,1903.0,1792.0
5.7,1895.0,1793.0
5.8,1888.0,1794.0
5.9,1881.0,1789.0
6.0,1873.0,1788.0
6.1,1861.0,1792.0
6.2,1855.0,1788.0
6.3,1852.0,1784.0
6.4,1848.0,1785.0
6.5,1845.0,1777.0
6.6,1844.0,1774.0
6.7,1841.0,1780.0
6.8,1836.0,1789.0
6.9,1837.0,1794.0
7.0,1841.0,1800.0
7.1,1841.0,1806.0
7.2,1839.0,1814.0
7.3,1839.0,1822.0
7.4,1838.0,1828.0
7.5,1836.0,1834.0
7.6,1836.0,1838.0
7.7,1839.0,1838.0
7.8,1837.0,1839.0
7.9,1837.0,1838.0
8.0,1837.0,1836.0
8.1,1841.0,1830.0
8.2,1844.0,1821.0
8.3,1851.0,1810.0
8.4,1859.0,1803.0
8.5,1869.0,1799.0
8.6,1878.0,1790.0
8.7,1888.0,1788.0
8.8,1896.0,1790.0
8.9,1901.0,1790.0
9.0,1905.0,1787.0
9.1,1909.0,1785.0
9.2,1908.0,1784.0
9.3,1902.0,1783.0
9.4,1894.0,1780.0
9.5,1888.0,1783.0
9.6,1880.0,1785.0
9.7,1872.0,1783.0
9.8,1869.0,1780.0
9.9,1865.0,1779.0
10.0,1862.0,1779.0
10.1,1858.0,1778.0
10.2,1854.0,1780.0
10.3,1851.0,1783.0
10.4,1848.0,1783.0
10.5,1848.0,1788.0
10.6,1847.0,1793.0
10.7,1844.0,1800.0
10.8,1839.0,1808.0
10.9,1837.0,1817.0
11.0,1836.0,1823.0
11.1,1831.0,1831.0
11.2,1832.0,1834.0
11.3,1836.0,1838.0
11.4,1841.0,1840.0
11.5,1840.0,1837.0
11.6,1842.0,1831.0
11.7,1841.0,1824.0
11.8,1848.0,1816.0
11.9,1856.0,1808.0
12.0,1864.0,1799.0
12.1,1874.0,1792.0
12.2,1884.0,1790.0
12.3,1890.0,1789.0
12.4,1903.0,1785.0
12.5,1909.0,1784.0
12.6,1913.0,1781.0
12.7,1928.0,1778.0
12.8,1938.0,1779.0
12.9,1939.0,1780.0
13.0,1946.0,1779.0
13.1,1956.0,1780.0
13.2,1956.0,1779.0
13.3,1963.0,1773.0
13.4,1969.0,1770.0
13.5,1970.0,1772.0
13.6,1971.0,1769.0
13.7,1968.0,1769.0
13.8,1961.0,1772.0
13.9,1961.0,1777.0
14.0,1960.0,1781.0
14.1,1955.0,1788.0
14.2,1951.0,1798.0
14.3,1949.0,1805.0
14.4,1945.0,1812.0
14.5,1936.0,1819.0
14.6,1928.0,1821.0
14.7,1922.0,1823.0
14.8,1918.0,1826.0
14.9,1908.0,1830.0
15.0,1900.0,1827.0
15.1,1892.0,1822.0
15.2,1881.0,1818.0
15.3,1874.0,1811.0
15.4,1873.0,1804.0
15.5,1870.0,1799.0
15.6,1865.0,1797.0
15.7,1862.0,1793.0
15.8,1862.0,1792.0
15.9,1857.0,1790.0
16.0,1856.0,1786.0
16.1,1856.0,1782.0
16.2,1854.0,1780.0
16.3,1854.0,1780.0
16.4,1853.0,1780.0
16.5,1849.0,1781.0
16.6,1845.0,1781.0
16.7,1840.0,1780.0
16.8,1840.0,1776.0
16.9,1841.0,1776.0
17.0,1842.0,1779.0
17.1,1842.0,1779.0
17.2,1841.0,1778.0
17.3,1842.0,1779.0
17.4,1844.0,1783.0
17.5,1849.0,1784.0
17.6,1856.0,1788.0
17.7,1862.0,1797.0
17.8,1868.0,1804.0
17.9,1872.0,1810.0
18.0,1879.0,1814.0
18.1,1885.0,1818.0
18.2,1887.0,1823.0
18.3,1892.0,1827.0
18.4,1899.0,1832.0
18.5,1904.0,1830.0
18.6,1910.0,1825.0
18.7,1914.0,1819.0
18.8,1918.0,1814.0
18.9,1919.0,1808.0
19.0,1920.0,1802.0
19.1,1923.0,1799.0
19.2,1920.0,1798.0
19.3,1916.0,1796.0
19.4,1912.0,1792.0
19.5,1907.0,1789.0
19.6,1900.0,1785.0
19.7,1893.0,1781.0
19.8,1889.0,1780.0
19.9,1887.0,1783.0
20.0,1880.0,1785.0
20.1,1874.0,1783.0
20.2,1868.0,1781.0
20.3,1864.0,1779.0
20.4,1862.0,1776.0
20.5,1861.0,1774.0
20.6,1856.0,1777.0
20.7,1856.0,1778.0
20.8,1854.0,1780.0
20.9,1851.0,1783.0
21.0,1849.0,1786.0
21.1,1849.0,1790.0
21.2,1848.0,1794.0
21.3,1848.0,1802.0
21.4,1848.0,1814.0
21.5,1848.0,1825.0
21.6,1846.0,1830.0
21.7,1842.0,1836.0
21.8,1843.0,1841.0
21.9,1844.0,1843.0
22.0,1845.0,1848.0
22.1,1844.0,1855.0
22.2,1846.0,1857.0
22.3,1844.0,1857.0
22.4,1842.0,1861.0
22.5,1842.0,1857.0
22.6,1844.0,1850.0
22.7,1846.0,1848.0
22.8,1846.0,1845.0
22.9,1848.0,1841.0
23.0,1850.0,1839.0
23.1,1855.0,1831.0
23.2,1858.0,1823.0
23.3,1863.0,1819.0
23.4,1874.0,1811.0
23.5,1879.0,1805.0
23.6,1881.0,1806.0
23.7,1890.0,1802.0
23.8,1895.0,1799.0
23.9,1893.0,1797.0
24.0,1895.0,1787.0
24.1,1898.0,1788.0
24.2,1895.0,1792.0
24.3,1887.0,1789.0
24.4,1880.0,1787.0
24.5,1873.0,1788.0
24.6,1867.0,1788.0
24.7,1864.0,1785.0
24.8,1866.0,1787.0
24.9,1864.0,1788.0
25.0,1859.0,1785.0
25.1,1856.0,1781.0
25.2,1855.0,1781.0
25.3,1854.0,1779.0
25.4,1849.0,1778.0
25.5,1850.0,1777.0
25.6,1849.0,1781.0
25.7,1848.0,1787.0
25.8,1846.0,1791.0
25.9,1847.0,1798.0
26.0,1844.0,1805.0
26.1,1845.0,1809.0
26.2,1846.0,1816.0
26.3,1848.0,1824.0
26.4,1845.0,1828.0
26.5,1846.0,1831.0
26.6,1844.0,1833.0
26.7,1843.0,1832.0
26.8,1840.0,1831.0
26.9,1844.0,1828.0
27.0,1850.0,1825.0
27.1,1852.0,1820.0
27.2,1855.0,1815.0
27.3,1861.0,1811.0
27.4,1864.0,1805.0
27.5,1868.0,1799.0
27.6,1876.0,1794.0
27.7,1883.0,1790.0
27.8,1886.0,1789.0
27.9,1897.0,1787.0
28.0,1901.0,1785.0
28.1,1904.0,1785.0
28.2,1907.0,1784.0
28.3,1909.0,1784.0
28.4,1914.0,1787.0
28.5,1907.0,1786.0
28.6,1899.0,1785.0
28.7,1893.0,1783.0
28.8,1884.0,1781.0
28.9,1873.0,1779.0
29.0,1868.0,1779.0
29.1,1865.0,1783.0
29.2,1858.0,1785.0
29.3,1851.0,1785.0
29.4,1849.0,1784.0
29.5,1843.0,1781.0
29.6,1842.0,1780.0
29.7,1840.0,1783.0
29.8,1837.0,1790.0
29.9,1839.0,1796.0
30.0,1841.0,1801.0
30.1,1834.0,1806.0
30.2,1837.0,1812.0
30.3,1836.0,1817.0
30.4,1833.0,1822.0
30.5,1841.0,1824.0
30.6,1845.0,1824.0
30.7,1839.0,1824.0
30.8,1840.0,1821.0
30.9,1842.0,1814.0
31.0,1836.0,1806.0
31.1,1838.0,1802.0
31.2,1844.0,1797.0
31.3,1843.0,1794.0
31.4,1853.0,1790.0
31.5,1862.0,1784.0
31.6,1870.0,1782.0
31.7,1873.0,1777.0
31.8,1876.0,1774.0
31.9,1879.0,1776.0
32.0,1889.0,1777.0
32.1,1893.0,1776.0
32.2,1883.0,1774.0
32.3,1877.0,1771.0
32.4,1874.0,1767.0
32.5,1866.0,1765.0
32.6,1863.0,1768.0
32.7,1859.0,1774.0
32.8,1855.0,1779.0
32.9,1852.0,1784.0
33.0,1847.0,1792.0
33.1,1845.0,1800.0
33.2,1847.0,1809.0
33.3,1843.0,1817.0
33.4,1843.0,1824.0
33.5,1844.0,1827.0
33.6,1841.0,1831.0
33.7,1835.0,1833.0
33.8,1837.0,1831.0
33.9,1836.0,1823.0
34.0,1831.0,1816.0
34.1,1832.0,1810.0
34.2,1836.0,1803.0
34.3,1844.0,1796.0
34.4,1848.0,1789.0
34.5,1857.0,1779.0
34.6,1866.0,1774.0
34.7,1870.0,1774.0
34.8,1877.0,1773.0
34.9,1883.0,1771.0
35.0,1888.0,1770.0
35.1,1891.0,1767.0
35.2,1897.0,1762.0
35.3,1900.0,1760.0
35.4,1896.0,1763.0
35.5,1887.0,1765.0
35.6,1878.0,1766.0
35.7,1874.0,1770.0
35.8,1867.0,1775.0
35.9,1862.0,1779.0
36.0,1852.0,1786.0
36.1,1845.0,1798.0
36.2,1839.0,1809.0
36.3,1837.0,1818.0
36.4,1840.0,1825.0
36.5,1838.0,1829.0
36.6,1835.0,1831.0
36.7,1833.0,1832.0
36.8,1830.0,1831.0
36.9,1827.0,1825.0
37.0,1825.0,1819.0
37.1,1828.0,1813.0
37.2,1827.0,1806.0
37.3,1824.0,1796.0
37.4,1828.0,1790.0
37.5,1832.0,1788.0
37.6,1840.0,1785.0
37.7,1840.0,1782.0
37.8,1855.0,1779.0
37.9,1866.0,1778.0
38.0,1874.0,1776.0
38.1,1882.0,1774.0
38.2,1891.0,1775.0
38.3,1894.0,1775.0
38.4,1895.0,1771.0
38.5,1895.0,1767.0
38.6,1892.0,1765.0
38.7,1887.0,1766.0
38.8,1880.0,1769.0
38.9,1874.0,1777.0
39.0,1869.0,1787.0
39.1,1859.0,1795.0
39.2,1854.0,1803.0
39.3,1849.0,1812.0
39.4,1846.0,1817.0
39.5,1842.0,1822.0
39.6,1838.0,1830.0
39.7,1835.0,1832.0
39.8,1830.0,1833.0
39.9,1829.0,1833.0
40.0,1831.0,1824.0
40.1,1830.0,1816.0
40.2,1833.0,1809.0
40.3,1833.0,1804.0
40.4,1837.0,1807.0
40.5,1841.0,1805.0
40.6,1850.0,1792.0
40.7,1860.0,1788.0
40.8,1867.0,1790.0
40.9,1876.0,1786.0
41.0,1886.0,1786.0
41.1,1891.0,1792.0
41.2,1894.0,1787.0
41.3,1899.0,1782.0
41.4,1903.0,1780.0
41.5,1909.0,1774.0
41.6,1916.0,1771.0
41.7,1921.0,1770.0
41.8,1922.0,1767.0
41.9,1916.0,1765.0
42.0,1912.0,1763.0
42.1,1907.0,1761.0
42.2,1896.0,1763.0
42.3,1888.0,1770.0
42.4,1881.0,1781.0
42.5,1874.0,1790.0
42.6,1865.0,1800.0
42.7,1865.0,1809.0
42.8,1862.0,1814.0
42.9,1856.0,1820.0
43.0,1854.0,1825.0
43.1,1851.0,1830.0
43.2,1848.0,1832.0
43.3,1845.0,1829.0
43.4,1844.0,1822.0
43.5,1843.0,1814.0
43.6,1838.0,1807.0
43.7,1835.0,1803.0
43.8,1832.0,1799.0
43.9,1833.0,1793.0
44.0,1835.0,1787.0
44.1,1846.0,1783.0
44.2,1855.0,1779.0
44.3,1867.0,1779.0
44.4,1875.0,1781.0
44.5,1885.0,1778.0
44.6,1890.0,1778.0
44.7,1898.0,1777.0
44.8,1903.0,1774.0
44.9,1904.0,1771.0
45.0,1907.0,1771.0
45.1,1904.0,1771.0
45.2,1892.0,1770.0
45.3,1886.0,1768.0
45.4,1881.0,1765.0
45.5,1875.0,1762.0
45.6,1869.0,1762.0
45.7,1859.0,1765.0
45.8,1853.0,1771.0
45.9,1848.0,1777.0
46.0,1846.0,1783.0
46.1,1842.0,1791.0
46.2,1842.0,1801.0
46.3,1839.0,1811.0
46.4,1835.0,1821.0
46.5,1834.0,1829.0
46.6,1832.0,1835.0
46.7,1824.0,1841.0
46.8,1825.0,1845.0
46.9,1828.0,1846.0
47.0,1828.0,1849.0
47.1,1841.0,1849.0
47.2,1855.0,1845.0
47.3,1861.0,1837.0
47.4,1875.0,1830.0
47.5,1880.0,1823.0
47.6,1884.0,1811.0
47.7,1898.0,1800.0
47.8,1910.0,1793.0
47.9,1906.0,1789.0
48.0,1918.0,1786.0
48.1,1914.0,1783.0
48.2,1895.0,1780.0
48.3,1894.0,1778.0
48.4,1891.0,1778.0
48.5,1878.0,1779.0
48.6,1881.0,1778.0
48.7,1871.0,1779.0
48.8,1863.0,1778.0
48.9,1862.0,1774.0
49.0,1852.0,1774.0
49.1,1848.0,1777.0
49.2,1845.0,1779.0
49.3,1841.0,1779.0
49.4,1839.0,1780.0
49.5,1840.0,1778.0
49.6,1839.0,1775.0
49.7,1838.0,1775.0
49.8,1838.0,1778.0
49.9,1838.0,1779.0
50.0,1832.0,1777.0
50.1,1828.0,1777.0
50.2,1833.0,1780.0
50.3,1832.0,1784.0
50.4,1840.0,1789.0
50.5,1854.0,1797.0
50.6,1861.0,1808.0
50.7,1873.0,1816.0
50.8,1882.0,1822.0
50.9,1888.0,1828.0
51.0,1892.0,1832.0
51.1,1893.0,1835.0
51.2,1899.0,1834.0
51.3,1907.0,1828.0
51.4,1901.0,1821.0
51.5,1891.0,1814.0
51.6,1884.0,1806.0
51.7,1876.0,1797.0
51.8,1867.0,1788.0
51.9,1869.0,1783.0
52.0,1863.0,1780.0
52.1,1862.0,1778.0
52.2,1856.0,1774.0
52.3,1850.0,1770.0
52.4,1844.0,1769.0
52.5,1840.0,1767.0
52.6,1838.0,1768.0
52.7,1836.0,1768.0
52.8,1834.0,1767.0
52.9,1831.0,1766.0
53.0,1831.0,1763.0
53.1,1828.0,1762.0
53.2,1829.0,1765.0
53.3,1832.0,1767.0
53.4,1839.0,1767.0
53.5,1844.0,1770.0
53.6,1854.0,1778.0
53.7,1863.0,1783.0
53.8,1873.0,1788.0
53.9,1883.0,1796.0
54.0,1894.0,1804.0
54.1,1898.0,1809.0
54.2,1904.0,1812.0
54.3,1906.0,1816.0
54.4,1907.0,1816.0
54.5,1905.0,1812.0
54.6,1897.0,1809.0
54.7,1890.0,1806.0
54.8,1882.0,1804.0
54.9,1874.0,1800.0
55.0,1873.0,1795.0
55.1,1867.0,1791.0
55.2,1859.0,1786.0
55.3,1854.0,1782.0
55.4,1842.0,1783.0
55.5,1834.0,1782.0
55.6,1832.0,1782.0
55.7,1829.0,1780.0
55.8,1828.0,1776.0
55.9,1823.0,1776.0
56.0,1826.0,1775.0
56.1,1828.0,1774.0
56.2,1825.0,1773.0
56.3,1827.0,1769.0
56.4,1824.0,1766.0
56.5,1827.0,1766.0
56.6,1830.0,1766.0
56.7,1839.0,1771.0
56.8,1851.0,1778.0
56.9,1863.0,1784.0
57.0,1874.0,1793.0
57.1,1883.0,1802.0
57.2,1893.0,1808.0
57.3,1898.0,1816.0
57.4,1904.0,1822.0
57.5,1915.0,1822.0
57.6,1910.0,1826.0
57.7,1902.0,1828.0
57.8,1896.0,1823.0
57.9,1889.0,1817.0
58.0,1879.0,1812.0
58.1,1873.0,1804.0
58.2,1869.0,1796.0
58.3,1864.0,1791.0
58.4,1856.0,1782.0
58.5,1850.0,1779.0
58.6,1848.0,1780.0
58.7,1846.0,1778.0
58.8,1843.0,1780.0
58.9,1841.0,1781.0
59.0,1837.0,1774.0
59.1,1835.0,1771.0
59.2,1834.0,1770.0
59.3,1830.0,1764.0
59.4,1825.0,1763.0
59.5,1827.0,1763.0
59.6,1833.0,1761.0
59.7,1838.0,1762.0
59.8,1847.0,1767.0
59.9,1857.0,1773.0
60.0,1862.0,1781.0
60.1,1876.0,1793.0
60.2,1878.0,1802.0
60.3,1889.0,1809.0
60.4,1895.0,1816.0
60.5,1897.0,1816.0
60.6,1900.0,1817.0
60.7,1894.0,1819.0
60.8,1887.0,1817.0
60.9,1878.0,1814.0
61.0,1869.0,1811.0
61.1,1869.0,1803.0
61.2,1864.0,1798.0
61.3,1857.0,1793.0
61.4,1853.0,1787.0
61.5,1845.0,1784.0
61.6,1846.0,1784.0
61.7,1841.0,1783.0
61.8,1843.0,1784.0
61.9,1841.0,1784.0
62.0,1835.0,1782.0
62.1,1834.0,1779.0
62.2,1836.0,1779.0
62.3,1831.0,1778.0
62.4,1832.0,1776.0
62.5,1840.0,1776.0
62.6,1845.0,1773.0
62.7,1849.0,1769.0
62.8,1858.0,1767.0
62.9,1869.0,1764.0
63.0,1876.0,1765.0
63.1,1881.0,1766.0
63.2,1892.0,1767.0
63.3,1897.0,1769.0
63.4,1905.0,1772.0
63.5,1902.0,1775.0
63.6,1902.0,1780.0
63.7,1896.0,1789.0
63.8,1888.0,1798.0
63.9,1881.0,1804.0
64.0,1877.0,1810.0
64.1,1874.0,1814.0
64.2,1867.0,1816.0
64.3,1860.0,1821.0
64.4,1854.0,1821.0
64.5,1849.0,1816.0
64.6,1847.0,1814.0
64.7,1847.0,1809.0
64.8,1842.0,1801.0
64.9,1840.0,1791.0
65.0,1839.0,1782.0
65.1,1834.0,1780.0
65.2,1832.0,1781.0
65.3,1832.0,1777.0
65.4,1831.0,1775.0
65.5,1849.0,1774.0
65.6,1848.0,1771.0
65.7,1851.0,1771.0
65.8,1869.0,1772.0
65.9,1879.0,1771.0
66.0,1879.0,1769.0
66.1,1900.0,1768.0
66.2,1910.0,1767.0
66.3,1905.0,1764.0
66.4,1914.0,1765.0
66.5,1916.0,1773.0
66.6,1903.0,1777.0
66.7,1897.0,1781.0
66.8,1890.0,1789.0
66.9,1886.0,1797.0
67.0,1878.0,1807.0
67.1,1876.0,1817.0
67.2,1870.0,1827.0
67.3,1867.0,1832.0
67.4,1866.0,1838.0
67.5,1860.0,1842.0
67.6,1858.0,1845.0
67.7,1853.0,1847.0
67.8,1852.0,1845.0
67.9,1854.0,1839.0
68.0,1850.0,1835.0
68.1,1849.0,1828.0
68.2,1852.0,1814.0
68.3,1848.0,1801.0
68.4,1843.0,1791.0
68.5,1846.0,1784.0
68.6,1846.0,1781.0
68.7,1841.0,1777.0
68.8,1844.0,1775.0
68.9,1849.0,1773.0
69.0,1846.0,1772.0
69.1,1847.0,1773.0
69.2,1847.0,1774.0
69.3,1848.0,1773.0
69.4,1852.0,1771.0
69.5,1864.0,1769.0
69.6,1870.0,1766.0
69.7,1879.0,1768.0
69.8,1887.0,1771.0
69.9,1898.0,1770.0
70.0,1901.0,1768.0
70.1,1904.0,1765.0
70.2,1912.0,1761.0
70.3,1918.0,1763.0
70.4,1915.0,1771.0
70.5,1915.0,1779.0
70.6,1907.0,1788.0
70.7,1900.0,1794.0
70.8,1895.0,1803.0
70.9,1890.0,1810.0
71.0,1887.0,1817.0
71.1,1882.0,1825.0
71.2,1875.0,1829.0
71.3,1870.0,1828.0
71.4,1862.0,1825.0
71.5,1856.0,1818.0
71.6,1857.0,1810.0
71.7,1851.0,1803.0
71.8,1851.0,1798.0
71.9,1846.0,1795.0
72.0,1847.0,1790.0
72.1,1843.0,1784.0
72.2,1841.0,1779.0
72.3,1848.0,1775.0
72.4,1841.0,1773.0
72.5,1840.0,1777.0
72.6,1839.0,1777.0
72.7,1839.0,1773.0
72.8,1839.0,1773.0
72.9,1837.0,1771.0
73.0,1838.0,1767.0
73.1,1843.0,1769.0
73.2,1852.0,1770.0
73.3,1859.0,1770.0
73.4,1869.0,1770.0
73.5,1875.0,1767.0
73.6,1881.0,1765.0
73.7,1891.0,1768.0
73.8,1897.0,1774.0
73.9,1900.0,1785.0
74.0,1901.0,1792.0
74.1,1896.0,1797.0
74.2,1888.0,1806.0
74.3,1875.0,1815.0
74.4,1873.0,1818.0
74.5,1873.0,1825.0
74.6,1867.0,1831.0
74.7,1864.0,1829.0
74.8,1861.0,1826.0
74.9,1858.0,1822.0
75.0,1854.0,1815.0
75.1,1852.0,1811.0
75.2,1853.0,1810.0
75.3,1851.0,1800.0
75.4,1851.0,1794.0
75.5,1848.0,1793.0
75.6,1848.0,1786.0
75.7,1846.0,1782.0
75.8,1847.0,1785.0
75.9,1846.0,1781.0
76.0,1851.0,1786.0
76.1,1848.0,1788.0
76.2,1850.0,1781.0
76.3,1848.0,1781.0
76.4,1847.0,1782.0
76.5,1851.0,1775.0
76.6,1858.0,1778.0
76.7,1864.0,1780.0
76.8,1867.0,1775.0
76.9,1875.0,1772.0
77.0,1883.0,1769.0
77.1,1890.0,1767.0
77.2,1894.0,1769.0
77.3,1900.0,1777.0
77.4,1910.0,1784.0
77.5,1913.0,1793.0
77.6,1916.0,1799.0
77.7,1925.0,1804.0
77.8,1931.0,1815.0
77.9,1936.0,1824.0
78.0,1941.0,1828.0
78.1,1946.0,1833.0
78.2,1952.0,1839.0
78.3,1955.0,1840.0
78.4,1955.0,1839.0
78.5,1953.0,1836.0
78.6,1947.0,1831.0
78.7,1948.0,1826.0
78.8,1943.0,1819.0
78.9,1941.0,1815.0
79.0,1934.0,1810.0
79.1,1930.0,1803.0
79.2,1923.0,1796.0
79.3,1914.0,1797.0
79.4,1903.0,1798.0
79.5,1902.0,1793.0
79.6,1897.0,1790.0
79.7,1889.0,1785.0
79.8,1883.0,1784.0
79.9,1879.0,1786.0
80.0,1871.0,1786.0
80.1,1872.0,1786.0
80.2,1870.0,1783.0
80.3,1867.0,1781.0
80.4,1865.0,1778.0
80.5,1859.0,1774.0
80.6,1858.0,1776.0
80.7,1853.0,1776.0
80.8,1849.0,1773.0
80.9,1847.0,1771.0
81.0,1848.0,1772.0
81.1,1847.0,1769.0
81.2,1846.0,1771.0
81.3,1845.0,1775.0
81.4,1843.0,1782.0
81.5,1841.0,1787.0
81.6,1844.0,1794.0
81.7,1843.0,1801.0
81.8,1843.0,1806.0
81.9,1839.0,1814.0
82.0,1839.0,1822.0
82.1,1842.0,1828.0
82.2,1839.0,1832.0
82.3,1840.0,1835.0
82.4,1847.0,1837.0
82.5,1854.0,1832.0
82.6,1857.0,1826.0
82.7,1863.0,1820.0
82.8,1871.0,1815.0
82.9,1876.0,1807.0
83.0,1886.0,1801.0
83.1,1892.0,1796.0
83.2,1900.0,1791.0
83.3,1910.0,1787.0
83.4,1915.0,1785.0
83.5,1912.0,1783.0
83.6,1924.0,1779.0
83.7,1925.0,1777.0
83.8,1923.0,1776.0
83.9,1934.0,1774.0
84.0,1935.0,1775.0
84.1,1928.0,1779.0
84.2,1925.0,1776.0
84.3,1920.0,1776.0
84.4,1910.0,1773.0
84.5,1903.0,1771.0
84.6,1894.0,1771.0
84.7,1888.0,1772.0
84.8,1877.0,1772.0
84.9,1867.0,1771.0
85.0,1859.0,1771.0
85.1,1856.0,1775.0
85.2,1851.0,1777.0
85.3,1847.0,1781.0
85.4,1843.0,1790.0
85.5,1839.0,1799.0
85.6,1836.0,1807.0
85.7,1833.0,1816.0
85.8,1830.0,1824.0
85.9,1827.0,1828.0
86.0,1834.0,1830.0
86.1,1832.0,1836.0
86.2,1827.0,1839.0
86.3,1830.0,1841.0
86.4,1830.0,1841.0
86.5,1826.0,1836.0
86.6,1827.0,1829.0
86.7,1831.0,1823.0
86.8,1830.0,1817.0
86.9,1830.0,1812.0
87.0,1826.0,1806.0
87.1,1823.0,1798.0
87.2,1823.0,1792.0
87.3,1822.0,1785.0
87.4,1829.0,1782.0
87.5,1832.0,1777.0
87.6,1836.0,1775.0
87.7,1840.0,1774.0
87.8,1849.0,1771.0
87.9,1856.0,1769.0
88.0,1860.0,1765.0
88.1,1866.0,1765.0
88.2,1873.0,1769.0
88.3,1881.0,1768.0
88.4,1882.0,1766.0
88.5,1888.0,1766.0
88.6,1892.0,1762.0
88.7,1892.0,1758.0
88.8,1887.0,1758.0
88.9,1888.0,1760.0
89.0,1882.0,1759.0
89.1,1879.0,1759.0
89.2,1871.0,1760.0
89.3,1867.0,1765.0
89.4,1863.0,1768.0
89.5,1854.0,1774.0
89.6,1848.0,1784.0
89.7,1847.0,1794.0
89.8,1845.0,1800.0
89.9,1841.0,1808.0
90.0,1841.0,1814.0
90.1,1839.0,1822.0
90.2,1841.0,1826.0
90.3,1838.0,1828.0
90.4,1837.0,1828.0
90.5,1839.0,1824.0
90.6,1837.0,1821.0
90.7,1838.0,1813.0
90.8,1835.0,1806.0
90.9,1835.0,1798.0
91.0,1832.0,1792.0
91.1,1833.0,1790.0
91.2,1836.0,1787.0
91.3,1840.0,1782.0
91.4,1845.0,1779.0
91.5,1848.0,1778.0
91.6,1855.0,1775.0
91.7,1861.0,1770.0
91.8,1867.0,1771.0
91.9,1870.0,1772.0
92.0,1878.0,1771.0
92.1,1886.0,1770.0
92.2,1889.0,1767.0
92.3,1889.0,1762.0
92.4,1890.0,1762.0
92.5,1887.0,1762.0
92.6,1882.0,1763.0
92.7,1872.0,1764.0
92.8,1870.0,1761.0
92.9,1865.0,1766.0
93.0,1861.0,1771.0
93.1,1860.0,1773.0
93.2,1855.0,1783.0
93.3,1850.0,1793.0
93.4,1848.0,1798.0
93.5,1847.0,1809.0
93.6,1844.0,1815.0
93.7,1846.0,1815.0
93.8,1844.0,1824.0
93.9,1843.0,1833.0
94.0,1844.0,1832.0
94.1,1840.0,1834.0
94.2,1839.0,1831.0
94.3,1839.0,1817.0
94.4,1842.0,1812.0
94.5,1843.0,1804.0
94.6,1842.0,1799.0
94.7,1842.0,1795.0
94.8,1846.0,1792.0
94.9,1848.0,1785.0
95.0,1849.0,1781.0
95.1,1855.0,1775.0
95.2,1861.0,1772.0
95.3,1869.0,1773.0
95.4,1875.0,1772.0
95.5,1882.0,1769.0
95.6,1886.0,1770.0
95.7,1891.0,1767.0
95.8,1893.0,1764.0
95.9,1896.0,1769.0
96.0,1898.0,1769.0
96.1,1892.0,1767.0
96.2,1885.0,1764.0
96.3,1881.0,1762.0
96.4,1872.0,1761.0
96.5,1866.0,1759.0
96.6,1862.0,1760.0
96.7,1860.0,1758.0
96.8,1858.0,1761.0
96.9,1851.0,1762.0
97.0,1849.0,1764.0
97.1,1844.0,1770.0
97.2,1840.0,1776.0
97.3,1837.0,1782.0
97.4,1838.0,1797.0
97.5,1840.0,1803.0
97.6,1841.0,1806.0
97.7,1839.0,1810.0
97.8,1837.0,1815.0
97.9,1835.0,1818.0
98.0,1831.0,1821.0
98.1,1829.0,1823.0
98.2,1833.0,1819.0
98.3,1837.0,1813.0
98.4,1836.0,1809.0
98.5,1834.0,1801.0
98.6,1835.0,1793.0
98.7,1835.0,1789.0
98.8,1837.0,1788.0
98.9,1840.0,1783.0
99.0,1848.0,1778.0
99.1,1857.0,1773.0
99.2,1860.0,1770.0
99.3,1872.0,1768.0
99.4,1878.0,1770.0
99.5,1878.0,1767.0
99.6,1886.0,1765.0
99.7,1893.0,1764.0
99.8,1895.0,1766.0
99.9,1901.0,1764.0
100.0,1902.0,1764.0
100.1,1895.0,1764.0
100.2,1887.0,1764.0
100.3,1884.0,1763.0
100.4,1879.0,1760.0
100.5,1878.0,1759.0
100.6,1874.0,1761.0
100.7,1867.0,1761.0
100.8,1868.0,1764.0
100.9,1861.0,1772.0
101.0,1854.0,1777.0
101.1,1853.0,1787.0
101.2,1856.0,1795.0
101.3,1849.0,1800.0
101.4,1852.0,1807.0
101.5,1851.0,1810.0
101.6,1843.0,1816.0
101.7,1850.0,1818.0
101.8,1841.0,1820.0
101.9,1842.0,1816.0
102.0,1839.0,1811.0
102.1,1840.0,1802.0
102.2,1835.0,1796.0
102.3,1832.0,1794.0
102.4,1830.0,1793.0
102.5,1827.0,1785.0
102.6,1829.0,1779.0
102.7,1831.0,1776.0
102.8,1830.0,1770.0
102.9,1832.0,1770.0
103.0,1831.0,1768.0
103.1,1829.0,1767.0
103.2,1829.0,1763.0
103.3,1831.0,1764.0
103.4,1833.0,1764.0
103.5,1842.0,1758.0
103.6,1851.0,1755.0
103.7,1854.0,1758.0
103.8,1861.0,1760.0
103.9,1869.0,1758.0
104.0,1873.0,1759.0
104.1,1881.0,1763.0
104.2,1888.0,1766.0
104.3,1888.0,1772.0
104.4,1895.0,1776.0
104.5,1898.0,1784.0
104.6,1898.0,1790.0
104.7,1898.0,1799.0
104.8,1891.0,1807.0
104.9,1889.0,1811.0
105.0,1886.0,1815.0
105.1,1881.0,1818.0
105.2,1878.0,1821.0
105.3,1874.0,1823.0
105.4,1867.0,1815.0
105.5,1861.0,1810.0
105.6,1859.0,1803.0
105.7,1857.0,1796.0
105.8,1855.0,1790.0
105.9,1852.0,1788.0
106.0,1847.0,1782.0
106.1,1842.0,1777.0
106.2,1839.0,1772.0
106.3,1836.0,1767.0
106.4,1837.0,1764.0
106.5,1839.0,1766.0
106.6,1839.0,1768.0
106.7,1838.0,1770.0
106.8,1836.0,1769.0
106.9,1835.0,1766.0
107.0,1832.0,1764.0
107.1,1833.0,1761.0
107.2,1831.0,1766.0
107.3,1833.0,1769.0
107.4,1833.0,1771.0
107.5,1832.0,1772.0
107.6,1835.0,1773.0
107.7,1837.0,1776.0
107.8,1840.0,1779.0
107.9,1845.0,1789.0
108.0,1851.0,1799.0
108.1,1859.0,1804.0
108.2,1867.0,1810.0
108.3,1872.0,1813.0
108.4,1876.0,1819.0
108.5,1877.0,1820.0
108.6,1880.0,1823.0
108.7,1879.0,1819.0
108.8,1879.0,1815.0
108.9,1873.0,1810.0
109.0,1867.0,1807.0
109.1,1864.0,1799.0
109.2,1859.0,1788.0
109.3,1854.0,1781.0
109.4,1849.0,1777.0
109.5,1849.0,1773.0
109.6,1850.0,1773.0
109.7,1848.0,1766.0
109.8,1845.0,1766.0
109.9,1843.0,1759.0
110.0,1841.0,1758.0
110.1,1839.0,1759.0
110.2,1837.0,1760.0
110.3,1837.0,1757.0
110.4,1836.0,1756.0
110.5,1835.0,1755.0
110.6,1833.0,1749.0
110.7,1830.0,1755.0
110.8,1832.0,1763.0
110.9,1832.0,1768.0
111.0,1839.0,1782.0
111.1,1847.0,1790.0
111.2,1852.0,1796.0
111.3,1861.0,1807.0
111.4,1867.0,1821.0
111.5,1872.0,1820.0
111.6,1877.0,1826.0
111.7,1883.0,1833.0
111.8,1889.0,1825.0
111.9,1891.0,1830.0
112.0,1892.0,1823.0
112.1,1888.0,1811.0
112.2,1878.0,1806.0
112.3,1869.0,1798.0
112.4,1865.0,1786.0
112.5,1861.0,1777.0
112.6,1852.0,1771.0
112.7,1847.0,1767.0
112.8,1840.0,1765.0
112.9,1835.0,1764.0
113.0,1833.0,1758.0
113.1,1834.0,1759.0
113.2,1833.0,1761.0
113.3,1832.0,1759.0
113.4,1827.0,1756.0
113.5,1823.0,1755.0
113.6,1823.0,1756.0
113.7,1820.0,1759.0
113.8,1820.0,1759.0
113.9,1820.0,1756.0
114.0,1827.0,1757.0
114.1,1834.0,1755.0
114.2,1844.0,1759.0
114.3,1854.0,1771.0
114.4,1864.0,1781.0
114.5,1875.0,1788.0
114.6,1882.0,1796.0
114.7,1888.0,1807.0
114.8,1895.0,1813.0
114.9,1901.0,1823.0
115.0,1902.0,1831.0
115.1,1907.0,1835.0
115.2,1906.0,1839.0
115.3,1899.0,1843.0
115.4,1892.0,1847.0
115.5,1889.0,1851.0
115.6,1881.0,1855.0
115.7,1869.0,1855.0
115.8,1863.0,1848.0
115.9,1859.0,1844.0
116.0,1854.0,1835.0
116.1,1849.0,1831.0
116.2,1847.0,1824.0
116.3,1841.0,1821.0
116.4,1836.0,1817.0
116.5,1837.0,1811.0
116.6,1836.0,1804.0
116.7,1835.0,1792.0
116.8,1836.0,1781.0
116.9,1836.0,1777.0
117.0,1831.0,1774.0
117.1,1831.0,1775.0
117.2,1829.0,1775.0
117.3,1829.0,1772.0
117.4,1834.0,1765.0
117.5,1839.0,1762.0
117.6,1849.0,1758.0
117.7,1861.0,1760.0
117.8,1870.0,1760.0
117.9,1879.0,1758.0
118.0,1891.0,1759.0
118.1,1894.0,1755.0
118.2,1899.0,1751.0
118.3,1910.0,1750.0
118.4,1917.0,1754.0
118.5,1918.0,1752.0
118.6,1922.0,1751.0
118.7,1917.0,1755.0
118.8,1906.0,1760.0
118.9,1910.0,1764.0
119.0,1905.0,1769.0
119.1,1892.0,1781.0
119.2,1892.0,1790.0
119.3,1886.0,1797.0
119.4,1879.0,1804.0
119.5,1876.0,1814.0
119.6,1867.0,1816.0
119.7,1859.0,1819.0
119.8,1852.0,1820.0
119.9,1846.0,1816.0
120.0,1844.0,1811.0
120.1,1844.0,1804.0
120.2,1843.0,1799.0
120.3,1845.0,1790.0
120.4,1849.0,1780.0
120.5,1853.0,1775.0
120.6,1862.0,1775.0
120.7,1874.0,1769.0
120.8,1882.0,1765.0
120.9,1889.0,1762.0
121.0,1898.0,1760.0
121.1,1898.0,1759.0
121.2,1902.0,1760.0
121.3,1905.0,1759.0
121.4,1903.0,1761.0
121.5,1897.0,1756.0
121.6,1893.0,1759.0
121.7,1889.0,1755.0
121.8,1884.0,1754.0
121.9,1882.0,1754.0
122.0,1877.0,1755.0
122.1,1873.0,1756.0
122.2,1869.0,1760.0
122.3,1864.0,1764.0
122.4,1860.0,1770.0
122.5,1856.0,1776.0
122.6,1849.0,1785.0
122.7,1844.0,1795.0
122.8,1835.0,1799.0
122.9,1828.0,1806.0
123.0,1826.0,1810.0
123.1,1823.0,1810.0
123.2,1821.0,1814.0
123.3,1819.0,1815.0
123.4,1818.0,1811.0
123.5,1817.0,1804.0
123.6,1818.0,1794.0
123.7,1823.0,1780.0
123.8,1831.0,1772.0
123.9,1838.0,1767.0
124.0,1848.0,1768.0
124.1,1857.0,1764.0
124.2,1864.0,1759.0
124.3,1871.0,1757.0
124.4,1877.0,1755.0
124.5,1883.0,1753.0
124.6,1886.0,1756.0
124.7,1884.0,1755.0
124.8,1876.0,1754.0
124.9,1869.0,1753.0
125.0,1861.0,1753.0
125.1,1857.0,1746.0
125.2,1852.0,1745.0
125.3,1848.0,1748.0
125.4,1844.0,1753.0
125.5,1841.0,1759.0
125.6,1838.0,1766.0
125.7,1836.0,1772.0
125.8,1837.0,1777.0
125.9,1835.0,1790.0
126.0,1833.0,1801.0
126.1,1832.0,1804.0
126.2,1830.0,1815.0
126.3,1828.0,1819.0
126.4,1826.0,1824.0
126.5,1824.0,1830.0
126.6,1823.0,1826.0
126.7,1824.0,1822.0
126.8,1828.0,1815.0
126.9,1835.0,1810.0
127.0,1839.0,1804.0
127.1,1847.0,1797.0
127.2,1862.0,1784.0
127.3,1873.0,1777.0
127.4,1882.0,1776.0
127.5,1888.0,1774.0
127.6,1895.0,1769.0
127.7,1902.0,1769.0
127.8,1907.0,1763.0
127.9,1913.0,1759.0
128.0,1915.0,1759.0
128.1,1920.0,1762.0
128.2,1926.0,1762.0
128.3,1931.0,1767.0
128.4,1933.0,1760.0
128.5,1935.0,1763.0
128.6,1930.0,1763.0
128.7,1921.0,1762.0
128.8,1913.0,1764.0
128.9,1904.0,1764.0
129.0,1896.0,1758.0
129.1,1887.0,1758.0
129.2,1882.0,1765.0
129.3,1873.0,1759.0
129.4,1865.0,1770.0
129.5,1855.0,1779.0
129.6,1848.0,1782.0
129.7,1845.0,1798.0
129.8,1844.0,1803.0
129.9,1841.0,1804.0
130.0,1840.0,1811.0
130.1,1840.0,1810.0
130.2,1838.0,1815.0
130.3,1838.0,1816.0
130.4,1838.0,1812.0
130.5,1837.0,1806.0
130.6,1836.0,1799.0
130.7,1834.0,1795.0
130.8,1832.0,1781.0
130.9,1829.0,1783.0
131.0,1829.0,1779.0
131.1,1830.0,1777.0
131.2,1829.0,1769.0
131.3,1830.0,1769.0
131.4,1836.0,1764.0
131.5,1843.0,1762.0
131.6,1851.0,1764.0
131.7,1857.0,1764.0
131.8,1864.0,1763.0
131.9,1870.0,1761.0
132.0,1878.0,1758.0
132.1,1882.0,1754.0
132.2,1883.0,1752.0
132.3,1882.0,1755.0
132.4,1880.0,1757.0
132.5,1877.0,1760.0
132.6,1874.0,1764.0
132.7,1867.0,1772.0
132.8,1860.0,1774.0
132.9,1854.0,1787.0
133.0,1849.0,1795.0
133.1,1846.0,1798.0
133.2,1844.0,1803.0
133.3,1844.0,1809.0
133.4,1842.0,1809.0
133.5,1840.0,1814.0
133.6,1838.0,1811.0
133.7,1836.0,1805.0
133.8,1834.0,1801.0
133.9,1835.0,1795.0
134.0,1835.0,1787.0
134.1,1834.0,1778.0
134.2,1833.0,1775.0
134.3,1831.0,1773.0
134.4,1832.0,1770.0
134.5,1834.0,1768.0
134.6,1836.0,1765.0
134.7,1842.0,1760.0
134.8,1855.0,1759.0
134.9,1867.0,1757.0
135.0,1875.0,1757.0
135.1,1883.0,1757.0
135.2,1894.0,1755.0
135.3,1899.0,1752.0
135.4,1900.0,1749.0
135.5,1901.0,1748.0
135.6,1895.0,1745.0
135.7,1889.0,1744.0
135.8,1886.0,1747.0
135.9,1877.0,1750.0
136.0,1869.0,1755.0
136.1,1866.0,1761.0
136.2,1867.0,1774.0
136.3,1864.0,1788.0
136.4,1860.0,1800.0
136.5,1854.0,1806.0
136.6,1852.0,1813.0
136.7,1853.0,1813.0
136.8,1848.0,1816.0
136.9,1846.0,1819.0
137.0,1845.0,1825.0
137.1,1841.0,1814.0
137.2,1835.0,1806.0
137.3,1830.0,1799.0
137.4,1824.0,1792.0
137.5,1823.0,1784.0
137.6,1827.0,1779.0
137.7,1829.0,1774.0
137.8,1832.0,1773.0
137.9,1840.0,1764.0
138.0,1845.0,1763.0
138.1,1853.0,1759.0
138.2,1863.0,1755.0
138.3,1872.0,1758.0
138.4,1879.0,1756.0
138.5,1885.0,1756.0
138.6,1890.0,1754.0
138.7,1889.0,1753.0
138.8,1886.0,1748.0
138.9,1881.0,1747.0
139.0,1874.0,1748.0
139.1,1868.0,1748.0
139.2,1864.0,1744.0
139.3,1858.0,1745.0
139.4,1852.0,1747.0
139.5,1849.0,1751.0
139.6,1847.0,1759.0
139.7,1845.0,1767.0
139.8,1841.0,1781.0
139.9,1840.0,1784.0
140.0,1837.0,1791.0
140.1,1832.0,1808.0
140.2,1830.0,1806.0
140.3,1827.0,1809.0
140.4,1827.0,1819.0
140.5,1823.0,1817.0
140.6,1821.0,1816.0
140.7,1825.0,1811.0
140.8,1834.0,1802.0
140.9,1845.0,1798.0
141.0,1853.0,1787.0
141.1,1863.0,1783.0
141.2,1872.0,1779.0
141.3,1878.0,1768.0
141.4,1884.0,1763.0
141.5,1889.0,1761.0
141.6,1893.0,1755.0
141.7,1896.0,1753.0
141.8,1904.0,1755.0
141.9,1919.0,1756.0
142.0,1933.0,1749.0
142.1,1946.0,1750.0
142.2,1957.0,1747.0
142.3,1963.0,1744.0
142.4,1967.0,1743.0
142.5,1967.0,1744.0
142.6,1964.0,1749.0
142.7,1963.0,1750.0
142.8,1961.0,1750.0
142.9,1953.0,1754.0
143.0,1945.0,1759.0
143.1,1936.0,1764.0
143.2,1922.0,1778.0
143.3,1910.0,1786.0
143.4,1904.0,1799.0
143.5,1894.0,1805.0
143.6,1883.0,1809.0
143.7,1873.0,1814.0
143.8,1861.0,1821.0
143.9,1852.0,1817.0
144.0,1848.0,1813.0
144.1,1845.0,1803.0
144.2,1841.0,1799.0
144.3,1838.0,1792.0
144.4,1833.0,1782.0
144.5,1830.0,1774.0
144.6,1827.0,1774.0
144.7,1824.0,1767.0
144.8,1824.0,1762.0
144.9,1823.0,1761.0
145.0,1822.0,1754.0
145.1,1821.0,1752.0
145.2,1819.0,1753.0
145.3,1816.0,1753.0
145.4,1813.0,1751.0
145.5,1815.0,1748.0
145.6,1818.0,1742.0
145.7,1818.0,1746.0
145.8,1817.0,1745.0
145.9,1821.0,1749.0
146.0,1827.0,1761.0
146.1,1831.0,1764.0
146.2,1838.0,1768.0
146.3,1848.0,1782.0
146.4,1858.0,1787.0
146.5,1864.0,1795.0
146.6,1868.0,1808.0
146.7,1875.0,1818.0
146.8,1876.0,1813.0
146.9,1872.0,1818.0
147.0,1869.0,1816.0
147.1,1866.0,1799.0
147.2,1860.0,1798.0
147.3,1853.0,1796.0
147.4,1847.0,1783.0
147.5,1841.0,1781.0
147.6,1834.0,1770.0
147.7,1829.0,1767.0
147.8,1826.0,1760.0
147.9,1825.0,1758.0
148.0,1824.0,1759.0
148.1,1822.0,1756.0
148.2,1821.0,1754.0
148.3,1818.0,1754.0
148.4,1818.0,1750.0
148.5,1822.0,1749.0
148.6,1822.0,1750.0
148.7,1818.0,1756.0
148.8,1818.0,1754.0
148.9,1817.0,1749.0
149.0,1821.0,1753.0
149.1,1825.0,1756.0
149.2,1831.0,1763.0
149.3,1838.0,1769.0
149.4,1847.0,1781.0
149.5,1852.0,1790.0
149.6,1854.0,1803.0
149.7,1861.0,1809.0
149.8,1865.0,1809.0
149.9,1867.0,1817.0
150.0,1869.0,1819.0
150.1,1864.0,1821.0
150.2,1858.0,1824.0
150.3,1854.0,1816.0
150.4,1849.0,1809.0
150.5,1845.0,1803.0
150.6,1840.0,1790.0
150.7,1838.0,1776.0
150.8,1836.0,1772.0
150.9,1834.0,1770.0
151.0,1830.0,1762.0
151.1,1828.0,1756.0
151.2,1826.0,1756.0
151.3,1823.0,1753.0
151.4,1824.0,1751.0
151.5,1824.0,1750.0
151.6,1821.0,1750.0
151.7,1819.0,1746.0
151.8,1819.0,1746.0
151.9,1817.0,1745.0
152.0,1817.0,1744.0
152.1,1824.0,1740.0
152.2,1832.0,1739.0
152.3,1837.0,1740.0
152.4,1843.0,1746.0
152.5,1850.0,1748.0
152.6,1858.0,1755.0
152.7,1868.0,1760.0
152.8,1875.0,1769.0
152.9,1881.0,1777.0
153.0,1886.0,1785.0
153.1,1882.0,1791.0
153.2,1877.0,1794.0
153.3,1871.0,1798.0
153.4,1862.0,1799.0
153.5,1859.0,1803.0
153.6,1856.0,1802.0
153.7,1849.0,1793.0
153.8,1846.0,1791.0
153.9,1846.0,1786.0
154.0,1839.0,1781.0
154.1,1837.0,1778.0
154.2,1840.0,1773.0
154.3,1836.0,1769.0
154.4,1834.0,1769.0
154.5,1834.0,1767.0
154.6,1827.0,1768.0
154.7,1825.0,1767.0
154.8,1826.0,1764.0
154.9,1822.0,1761.0
155.0,1821.0,1762.0
155.1,1820.0,1762.0
155.2,1819.0,1760.0
155.3,1821.0,1758.0
155.4,1825.0,1755.0
155.5,1832.0,1753.0
155.6,1840.0,1749.0
155.7,1846.0,1752.0
155.8,1850.0,1757.0
155.9,1856.0,1758.0
156.0,1864.0,1759.0
156.1,1870.0,1762.0
156.2,1874.0,1766.0
156.3,1877.0,1767.0
156.4,1875.0,1774.0
156.5,1870.0,1783.0
156.6,1864.0,1789.0
156.7,1857.0,1796.0
156.8,1852.0,1801.0
156.9,1849.0,1807.0
157.0,1844.0,1809.0
157.1,1839.0,1814.0
157.2,1836.0,1821.0
157.3,1831.0,1821.0
157.4,1827.0,1820.0
157.5,1823.0,1818.0
157.6,1823.0,1815.0
157.7,1824.0,1805.0
157.8,1825.0,1798.0
157.9,1823.0,1792.0
158.0,1819.0,1790.0
158.1,1816.0,1785.0
158.2,1814.0,1781.0
158.3,1815.0,1776.0
158.4,1816.0,1771.0
158.5,1817.0,1767.0
158.6,1819.0,1769.0
158.7,1820.0,1766.0
158.8,1822.0,1769.0
158.9,1826.0,1763.0
159.0,1831.0,1765.0
159.1,1839.0,1758.0
159.2,1846.0,1759.0
159.3,1853.0,1758.0
159.4,1861.0,1758.0
159.5,1866.0,1758.0
159.6,1869.0,1756.0
159.7,1870.0,1755.0
159.8,1868.0,1754.0
159.9,1865.0,1747.0
160.0,1859.0,1751.0
160.1,1852.0,1750.0
160.2,1846.0,1748.0
160.3,1840.0,1750.0
160.4,1835.0,1751.0
160.5,1832.0,1755.0
160.6,1829.0,1760.0
160.7,1825.0,1766.0
160.8,1822.0,1777.0
160.9,1820.0,1781.0
161.0,1817.0,1788.0
161.1,1815.0,1795.0
161.2,1814.0,1801.0
161.3,1814.0,1806.0
161.4,1813.0,1809.0
161.5,1812.0,1814.0
161.6,1813.0,1808.0
161.7,1814.0,1800.0
161.8,1812.0,1794.0
161.9,1809.0,1788.0
162.0,1812.0,1782.0
162.1,1816.0,1780.0
162.2,1821.0,1779.0
162.3,1828.0,1777.0
162.4,1836.0,1773.0
162.5,1841.0,1768.0
162.6,1846.0,1765.0
162.7,1855.0,1764.0
162.8,1861.0,1764.0
162.9,1867.0,1764.0
163.0,1872.0,1763.0
163.1,1875.0,1759.0
163.2,1877.0,1762.0
163.3,1880.0,1757.0
163.4,1880.0,1755.0
163.5,1875.0,1763.0
163.6,1868.0,1760.0
163.7,1864.0,1757.0
163.8,1858.0,1757.0
163.9,1849.0,1755.0
164.0,1840.0,1757.0
164.1,1836.0,1762.0
164.2,1832.0,1767.0
164.3,1827.0,1778.0
164.4,1822.0,1784.0
164.5,1818.0,1788.0
164.6,1817.0,1792.0
164.7,1814.0,1804.0
164.8,1813.0,1807.0
164.9,1816.0,1808.0
165.0,1815.0,1819.0
165.1,1812.0,1819.0
165.2,1810.0,1809.0
165.3,1808.0,1804.0
165.4,1808.0,1799.0
165.5,1809.0,1789.0
165.6,1808.0,1785.0
165.7,1808.0,1781.0
165.8,1808.0,1776.0
165.9,1807.0,1774.0
166.0,1809.0,1772.0
166.1,1812.0,1767.0
166.2,1819.0,1763.0
166.3,1825.0,1763.0
166.4,1830.0,1762.0
166.5,1836.0,1762.0
166.6,1842.0,1760.0
166.7,1849.0,1756.0
166.8,1853.0,1757.0
166.9,1859.0,1755.0
167.0,1864.0,1752.0
167.1,1869.0,1754.0
167.2,1872.0,1754.0
167.3,1877.0,1751.0
167.4,1882.0,1751.0
167.5,1885.0,1754.0
167.6,1887.0,1755.0
167.7,1881.0,1759.0
167.8,1875.0,1768.0
167.9,1869.0,1775.0
168.0,1864.0,1781.0
168.1,1860.0,1788.0
168.2,1855.0,1797.0
168.3,1854.0,1805.0
168.4,1852.0,1808.0
168.5,1850.0,1819.0
168.6,1848.0,1823.0
168.7,1846.0,1824.0
168.8,1844.0,1822.0
168.9,1843.0,1813.0
169.0,1843.0,1803.0
169.1,1843.0,1792.0
169.2,1843.0,1789.0
169.3,1842.0,1787.0
169.4,1839.0,1785.0
169.5,1836.0,1773.0
169.6,1836.0,1769.0
169.7,1834.0,1763.0
169.8,1837.0,1763.0
169.9,1837.0,1760.0
170.0,1834.0,1763.0
170.1,1834.0,1760.0
170.2,1835.0,1758.0
170.3,1839.0,1760.0
170.4,1849.0,1759.0
170.5,1853.0,1757.0
170.6,1856.0,1756.0
170.7,1864.0,1755.0
170.8,1871.0,1756.0
170.9,1872.0,1754.0
171.0,1881.0,1751.0
171.1,1888.0,1751.0
171.2,1888.0,1749.0
171.3,1895.0,1746.0
171.4,1902.0,1749.0
171.5,1900.0,1754.0
171.6,1907.0,1759.0
171.7,1914.0,1769.0
171.8,1912.0,1775.0
171.9,1921.0,1779.0
172.0,1924.0,1784.0
172.1,1917.0,1791.0
172.2,1912.0,1798.0
172.3,1910.0,1805.0
172.4,1904.0,1806.0
172.5,1897.0,1809.0
172.6,1891.0,1809.0
172.7,1885.0,1807.0
172.8,1877.0,1802.0
172.9,1868.0,1797.0
173.0,1859.0,1793.0
173.1,1854.0,1788.0
173.2,1851.0,1781.0
173.3,1848.0,1778.0
173.4,1843.0,1774.0
173.5,1837.0,1770.0
173.6,1831.0,1768.0
173.7,1828.0,1771.0
173.8,1827.0,1768.0
173.9,1824.0,1767.0
174.0,1819.0,1766.0
174.1,1820.0,1764.0
174.2,1817.0,1761.0
174.3,1813.0,1764.0
174.4,1812.0,1764.0
174.5,1813.0,1762.0
174.6,1815.0,1759.0
174.7,1814.0,1761.0
174.8,1811.0,1758.0
174.9,1809.0,1755.0
175.0,1807.0,1758.0
175.1,1808.0,1763.0
175.2,1812.0,1770.0
175.3,1815.0,1773.0
175.4,1818.0,1779.0
175.5,1823.0,1787.0
175.6,1827.0,1794.0
175.7,1831.0,1798.0
175.8,1836.0,1806.0
175.9,1843.0,1814.0
176.0,1849.0,1814.0
176.1,1856.0,1822.0
176.2,1859.0,1822.0
176.3,1864.0,1825.0
176.4,1867.0,1823.0
176.5,1868.0,1820.0
176.6,1867.0,1813.0
176.7,1862.0,1807.0
176.8,1855.0,1803.0
176.9,1850.0,1796.0
177.0,1842.0,1790.0
177.1,1836.0,1784.0
177.2,1834.0,1778.0
177.3,1829.0,1772.0
177.4,1823.0,1771.0
177.5,1818.0,1768.0
177.6,1810.0,1765.0
177.7,1806.0,1764.0
177.8,1805.0,1762.0
177.9,1803.0,1760.0
178.0,1802.0,1760.0
178.1,1802.0,1760.0
178.2,1802.0,1760.0
178.3,1797.0,1756.0
178.4,1798.0,1755.0
178.5,1802.0,1754.0
178.6,1802.0,1755.0
178.7,1800.0,1748.0
178.8,1799.0,1750.0
178.9,1799.0,1753.0
179.0,1798.0,1755.0
179.1,1801.0,1758.0
179.2,1805.0,1764.0
179.3,1810.0,1772.0
179.4,1819.0,1777.0
179.5,1826.0,1781.0
179.6,1832.0,1791.0
179.7,1841.0,1799.0
179.8,1851.0,1804.0
179.9,1859.0,1809.0
180.0,1865.0,1815.0
180.1,1872.0,1816.0
180.2,1878.0,1809.0
180.3,1882.0,1806.0
180.4,1888.0,1802.0
180.5,1895.0,1797.0
180.6,1900.0,1792.0
180.7,1903.0,1785.0
180.8,1908.0,1782.0
180.9,1912.0,1774.0
181.0,1910.0,1773.0
181.1,1909.0,1772.0
181.2,1906.0,1772.0
181.3,1900.0,1768.0
181.4,1893.0,1766.0
181.5,1889.0,1763.0
181.6,1882.0,1766.0
181.7,1876.0,1762.0
181.8,1870.0,1756.0
181.9,1865.0,1758.0
182.0,1857.0,1759.0
182.1,1852.0,1756.0
182.2,1844.0,1759.0
182.3,1840.0,1755.0
182.4,1837.0,1751.0
182.5,1833.0,1760.0
182.6,1829.0,1767.0
182.7,1827.0,1765.0
182.8,1822.0,1776.0
182.9,1819.0,1781.0
183.0,1816.0,1784.0
183.1,1817.0,1792.0
183.2,1817.0,1799.0
183.3,1816.0,1805.0
183.4,1814.0,1808.0
183.5,1813.0,1815.0
183.6,1809.0,1817.0
183.7,1809.0,1814.0
183.8,1809.0,1810.0
183.9,1812.0,1799.0
184.0,1813.0,1794.0
184.1,1816.0,1790.0
184.2,1823.0,1783.0
184.3,1826.0,1778.0
184.4,1833.0,1771.0
184.5,1840.0,1766.0
184.6,1846.0,1760.0
184.7,1852.0,1761.0
184.8,1857.0,1763.0
184.9,1862.0,1765.0
185.0,1867.0,1762.0
185.1,1863.0,1757.0
185.2,1857.0,1755.0
185.3,1852.0,1754.0
185.4,1847.0,1756.0
185.5,1839.0,1758.0
185.6,1832.0,1757.0
185.7,1826.0,1755.0
185.8,1822.0,1756.0
185.9,1816.0,1754.0
186.0,1814.0,1755.0
186.1,1814.0,1756.0
186.2,1812.0,1765.0
186.3,1810.0,1769.0
186.4,1811.0,1776.0
186.5,1810.0,1784.0
186.6,1809.0,1792.0
186.7,1809.0,1799.0
186.8,1810.0,1807.0
186.9,1807.0,1814.0
187.0,1808.0,1815.0
187.1,1805.0,1815.0
187.2,1802.0,1816.0
187.3,1804.0,1812.0
187.4,1808.0,1804.0
187.5,1808.0,1798.0
187.6,1810.0,1793.0
187.7,1814.0,1793.0
187.8,1816.0,1787.0
187.9,1825.0,1784.0
188.0,1832.0,1777.0
188.1,1841.0,1770.0
188.2,1855.0,1767.0
188.3,1863.0,1763.0
188.4,1863.0,1764.0
188.5,1868.0,1765.0
188.6,1875.0,1760.0
188.7,1868.0,1759.0
188.8,1862.0,1753.0
188.9,1855.0,1751.0
189.0,1844.0,1748.0
189.1,1837.0,1749.0
189.2,1830.0,1751.0
189.3,1818.0,1752.0
189.4,1824.0,1758.0
189.5,1823.0,1767.0
189.6,1816.0,1775.0
189.7,1813.0,1781.0
189.8,1815.0,1793.0
189.9,1806.0,1805.0
190.0,1809.0,1812.0
190.1,1806.0,1818.0
190.2,1804.0,1823.0
190.3,1803.0,1823.0
190.4,1800.0,1822.0
190.5,1799.0,1816.0
190.6,1801.0,1813.0
190.7,1807.0,1806.0
190.8,1813.0,1799.0
190.9,1818.0,1790.0
191.0,1825.0,1784.0
191.1,1834.0,1775.0
191.2,1843.0,1768.0
191.3,1851.0,1764.0
191.4,1852.0,1762.0
191.5,1858.0,1760.0
191.6,1865.0,1758.0
191.7,1865.0,1755.0
191.8,1860.0,1751.0
191.9,1854.0,1750.0
192.0,1850.0,1752.0
192.1,1845.0,1751.0
192.2,1837.0,1750.0
192.3,1827.0,1748.0
192.4,1821.0,1747.0
192.5,1818.0,1745.0
192.6,1813.0,1746.0
192.7,1814.0,1747.0
192.8,1814.0,1758.0
192.9,1808.0,1768.0
193.0,1805.0,1777.0
193.1,1803.0,1781.0
193.2,1804.0,1790.0
193.3,1803.0,1796.0
193.4,1803.0,1806.0
193.5,1800.0,1809.0
193.6,1798.0,1815.0
193.7,1797.0,1817.0
193.8,1797.0,1816.0
193.9,1808.0,1814.0
194.0,1815.0,1806.0
194.1,1824.0,1801.0
194.2,1834.0,1792.0
194.3,1842.0,1786.0
194.4,1848.0,1782.0
194.5,1857.0,1776.0
194.6,1861.0,1770.0
194.7,1863.0,1765.0
194.8,1859.0,1763.0
194.9,1850.0,1764.0
195.0,1843.0,1764.0
195.1,1836.0,1762.0
195.2,1833.0,1762.0
195.3,1828.0,1759.0
195.4,1821.0,1755.0
195.5,1814.0,1754.0
195.6,1807.0,1755.0
195.7,1805.0,1753.0
195.8,1805.0,1752.0
195.9,1805.0,1755.0
196.0,1805.0,1758.0
196.1,1802.0,1763.0
196.2,1802.0,1771.0
196.3,1800.0,1778.0
196.4,1798.0,1788.0
196.5,1800.0,1793.0
196.6,1799.0,1800.0
196.7,1800.0,1808.0
196.8,1803.0,1810.0
196.9,1811.0,1813.0
197.0,1818.0,1817.0
197.1,1826.0,1814.0
197.2,1836.0,1809.0
197.3,1847.0,1802.0
197.4,1858.0,1799.0
197.5,1869.0,1791.0
197.6,1877.0,1783.0
197.7,1889.0,1777.0
197.8,1896.0,1773.0
197.9,1902.0,1769.0
198.0,1905.0,1765.0
198.1,1900.0,1761.0
198.2,1892.0,1759.0
198.3,1885.0,1755.0
198.4,1877.0,1757.0
198.5,1872.0,1760.0
198.6,1870.0,1755.0
198.7,1862.0,1752.0
198.8,1850.0,1754.0
198.9,1841.0,1748.0
199.0,1834.0,1745.0
199.1,1828.0,1750.0
199.2,1828.0,1749.0
199.3,1825.0,1747.0
199.4,1819.0,1754.0
199.5,1820.0,1761.0
199.6,1812.0,1763.0
199.7,1811.0,1773.0
199.8,1810.0,1782.0
199.9,1806.0,1791.0
200.0,1806.0,1804.0
200.1,1805.0,1809.0
200.2,1805.0,1813.0
200.3,1809.0,1819.0
200.4,1816.0,1816.0
200.5,1822.0,1816.0
200.6,1835.0,1812.0
200.7,1845.0,1806.0
200.8,1851.0,1797.0
200.9,1857.0,1789.0
201.0,1863.0,1780.0
201.1,1871.0,1772.0
201.2,1871.0,1766.0
201.3,1868.0,1764.0
201.4,1863.0,1761.0
201.5,1858.0,1759.0
201.6,1845.0,1759.0
201.7,1834.0,1754.0
201.8,1830.0,1750.0
201.9,1823.0,1748.0
202.0,1818.0,1749.0
202.1,1812.0,1749.0
202.2,1809.0,1747.0
202.3,1806.0,1746.0
202.4,1807.0,1748.0
202.5,1806.0,1751.0
202.6,1805.0,1758.0
202.7,1802.0,1768.0
202.8,1799.0,1776.0
202.9,1797.0,1783.0
203.0,1797.0,1793.0
203.1,1801.0,1799.0
203.2,1804.0,1804.0
203.3,1809.0,1811.0
203.4,1809.0,1819.0
203.5,1815.0,1824.0
203.6,1824.0,1830.0
203.7,1838.0,1836.0
203.8,1846.0,1842.0
203.9,1853.0,1849.0
204.0,1862.0,1854.0
204.1,1864.0,1863.0
204.2,1867.0,1867.0
204.3,1866.0,1870.0
204.4,1864.0,1870.0
204.5,1857.0,1866.0
204.6,1849.0,1856.0
204.7,1842.0,1844.0
204.8,1835.0,1837.0
204.9,1827.0,1830.0
205.0,1820.0,1817.0
205.1,1820.0,1805.0
205.2,1819.0,1795.0
205.3,1815.0,1785.0
205.4,1816.0,1779.0
205.5,1810.0,1776.0
205.6,1809.0,1775.0
205.7,1810.0,1770.0
205.8,1812.0,1769.0
205.9,1806.0,1767.0
206.0,1808.0,1763.0
206.1,1809.0,1760.0
206.2,1803.0,1758.0
206.3,1806.0,1756.0
206.4,1810.0,1757.0
206.5,1807.0,1756.0
206.6,1817.0,1755.0
206.7,1825.0,1752.0
206.8,1828.0,1752.0
206.9,1843.0,1756.0
207.0,1848.0,1765.0
207.1,1855.0,1771.0
207.2,1870.0,1776.0
207.3,1879.0,1784.0
207.4,1879.0,1792.0
207.5,1887.0,1799.0
207.6,1887.0,1807.0
207.7,1886.0,1813.0
207.8,1892.0,1815.0
207.9,1886.0,1818.0
208.0,1877.0,1813.0
208.1,1868.0,1806.0
208.2,1859.0,1800.0
208.3,1849.0,1794.0
208.4,1846.0,1789.0
208.5,1838.0,1781.0
208.6,1829.0,1774.0
208.7,1823.0,1769.0
208.8,1818.0,1764.0
208.9,1812.0,1761.0
209.0,1809.0,1763.0
209.1,1811.0,1762.0
209.2,1808.0,1761.0
209.3,1808.0,1758.0
209.4,1808.0,1755.0
209.5,1807.0,1755.0
209.6,1807.0,1751.0
209.7,1806.0,1751.0
209.8,1804.0,1754.0
209.9,1803.0,1754.0
210.0,1804.0,1759.0
210.1,1801.0,1765.0
210.2,1803.0,1769.0
210.3,1801.0,1778.0
210.4,1804.0,1785.0
210.5,1812.0,1796.0
210.6,1817.0,1804.0
210.7,1825.0,1810.0
210.8,1834.0,1814.0
210.9,1839.0,1814.0
211.0,1846.0,1812.0
211.1,1855.0,1806.0
211.2,1859.0,1801.0
211.3,1865.0,1795.0
211.4,1865.0,1788.0
211.5,1863.0,1784.0
211.6,1858.0,1777.0
211.7,1850.0,1768.0
211.8,1845.0,1764.0
211.9,1839.0,1766.0
212.0,1833.0,1764.0
212.1,1824.0,1763.0
212.2,1821.0,1763.0
212.3,1813.0,1762.0
212.4,1813.0,1760.0
212.5,1811.0,1760.0
212.6,1810.0,1764.0
212.7,1806.0,1764.0
212.8,1804.0,1762.0
212.9,1800.0,1762.0
213.0,1799.0,1760.0
213.1,1801.0,1764.0
213.2,1801.0,1773.0
213.3,1801.0,1784.0
213.4,1797.0,1790.0
213.5,1798.0,1794.0
213.6,1797.0,1802.0
213.7,1800.0,1810.0
213.8,1803.0,1817.0
213.9,1810.0,1824.0
214.0,1817.0,1832.0
214.1,1824.0,1838.0
214.2,1828.0,1846.0
214.3,1832.0,1850.0
214.4,1843.0,1848.0
214.5,1847.0,1845.0
214.6,1845.0,1838.0
214.7,1846.0,1830.0
214.8,1840.0,1823.0
214.9,1831.0,1816.0
215.0,1823.0,1809.0
215.1,1819.0,1800.0
215.2,1818.0,1789.0
215.3,1812.0,1785.0
215.4,1807.0,1784.0
215.5,1805.0,1779.0
215.6,1799.0,1774.0
215.7,1800.0,1772.0
215.8,1800.0,1767.0
215.9,1800.0,1764.0
216.0,1799.0,1766.0
216.1,1795.0,1766.0
216.2,1797.0,1764.0
216.3,1795.0,1763.0
216.4,1798.0,1759.0
216.5,1797.0,1754.0
216.6,1799.0,1756.0
216.7,1796.0,1757.0
216.8,1796.0,1758.0
216.9,1794.0,1765.0
217.0,1793.0,1768.0
217.1,1799.0,1774.0
217.2,1804.0,1785.0
217.3,1807.0,1788.0
217.4,1813.0,1799.0
217.5,1820.0,1814.0
217.6,1829.0,1816.0
217.7,1836.0,1820.0
217.8,1852.0,1827.0
217.9,1864.0,1825.0
218.0,1875.0,1820.0
218.1,1885.0,1818.0
218.2,1898.0,1807.0
218.3,1909.0,1798.0
218.4,1920.0,1794.0
218.5,1930.0,1787.0
218.6,1928.0,1778.0
218.7,1927.0,1772.0
218.8,1923.0,1772.0
218.9,1912.0,1773.0
219.0,1904.0,1772.0
219.1,1899.0,1769.0
219.2,1893.0,1765.0
219.3,1886.0,1763.0
219.4,1876.0,1760.0
219.5,1862.0,1761.0
219.6,1854.0,1763.0
219.7,1850.0,1759.0
219.8,1844.0,1756.0
219.9,1840.0,1757.0
220.0,1838.0,1755.0
220.1,1838.0,1758.0
220.2,1834.0,1765.0
220.3,1830.0,1772.0
220.4,1831.0,1777.0
220.5,1833.0,1782.0
220.6,1830.0,1788.0
220.7,1826.0,1792.0
220.8,1824.0,1798.0
220.9,1822.0,1802.0
221.0,1821.0,1805.0
221.1,1824.0,1808.0
221.2,1823.0,1805.0
221.3,1821.0,1801.0
221.4,1821.0,1794.0
221.5,1824.0,1790.0
221.6,1821.0,1789.0
221.7,1830.0,1784.0
221.8,1839.0,1779.0
221.9,1841.0,1773.0
222.0,1848.0,1769.0
222.1,1854.0,1766.0
222.2,1856.0,1765.0
222.3,1858.0,1765.0
222.4,1863.0,1764.0
222.5,1858.0,1764.0
222.6,1858.0,1762.0
222.7,1849.0,1757.0
222.8,1840.0,1757.0
222.9,1837.0,1757.0
223.0,1836.0,1757.0
223.1,1831.0,1758.0
223.2,1831.0,1753.0
223.3,1833.0,1752.0
223.4,1827.0,1751.0
223.5,1826.0,1750.0
223.6,1831.0,1755.0
223.7,1820.0,1764.0
223.8,1825.0,1770.0
223.9,1830.0,1777.0
224.0,1824.0,1784.0
224.1,1829.0,1790.0
224.2,1826.0,1795.0
224.3,1822.0,1801.0
224.4,1830.0,1803.0
224.5,1825.0,1802.0
224.6,1828.0,1803.0
224.7,1837.0,1801.0
224.8,1844.0,1795.0
224.9,1841.0,1788.0
225.0,1851.0,1782.0
225.1,1858.0,1780.0
225.2,1856.0,1772.0
225.3,1865.0,1764.0
225.4,1866.0,1762.0
225.5,1863.0,1759.0
225.6,1861.0,1753.0
225.7,1855.0,1752.0
225.8,1845.0,1756.0
225.9,1844.0,1756.0
226.0,1843.0,1753.0
226.1,1836.0,1753.0
226.2,1832.0,1751.0
226.3,1825.0,1750.0
226.4,1820.0,1748.0
226.5,1817.0,1749.0
226.6,1820.0,1749.0
226.7,1816.0,1751.0
226.8,1815.0,1755.0
226.9,1811.0,1760.0
227.0,1809.0,1766.0
227.1,1808.0,1773.0
227.2,1813.0,1782.0
227.3,1812.0,1790.0
227.4,1816.0,1796.0
227.5,1816.0,1802.0
227.6,1823.0,1806.0
227.7,1831.0,1808.0
227.8,1836.0,1810.0
227.9,1845.0,1810.0
228.0,1853.0,1806.0
228.1,1856.0,1801.0
228.2,1861.0,1795.0
228.3,1859.0,1785.0
228.4,1859.0,1773.0
228.5,1855.0,1766.0
228.6,1853.0,1761.0
228.7,1846.0,1757.0
228.8,1840.0,1753.0
228.9,1832.0,1749.0
229.0,1828.0,1748.0
229.1,1826.0,1745.0
229.2,1830.0,1746.0
229.3,1826.0,1748.0
229.4,1823.0,1747.0
229.5,1823.0,1746.0
229.6,1820.0,1747.0
229.7,1819.0,1745.0
229.8,1820.0,1745.0
229.9,1821.0,1750.0
230.0,1821.0,1755.0
230.1,1819.0,1761.0
230.2,1816.0,1769.0
230.3,1814.0,1776.0
230.4,1816.0,1784.0
230.5,1826.0,1795.0
230.6,1832.0,1804.0
230.7,1838.0,1809.0
230.8,1844.0,1814.0
230.9,1853.0,1816.0
231.0,1859.0,1818.0
231.1,1861.0,1818.0
231.2,1867.0,1816.0
231.3,1865.0,1813.0
231.4,1865.0,1806.0
231.5,1858.0,1800.0
231.6,1854.0,1793.0
231.7,1849.0,1784.0
231.8,1842.0,1776.0
231.9,1838.0,1773.0
232.0,1834.0,1773.0
232.1,1832.0,1770.0
232.2,1827.0,1768.0
232.3,1824.0,1768.0
232.4,1817.0,1765.0
232.5,1821.0,1763.0
232.6,1819.0,1764.0
232.7,1821.0,1763.0
232.8,1819.0,1763.0
232.9,1819.0,1763.0
233.0,1816.0,1758.0
233.1,1813.0,1756.0
233.2,1811.0,1758.0
233.3,1818.0,1759.0
233.4,1822.0,1757.0
233.5,1827.0,1759.0
233.6,1830.0,1764.0
233.7,1841.0,1765.0
233.8,1848.0,1773.0
233.9,1857.0,1782.0
234.0,1865.0,1791.0
234.1,1870.0,1803.0
234.2,1876.0,1810.0
234.3,1878.0,1816.0
234.4,1882.0,1822.0
234.5,1880.0,1824.0
234.6,1880.0,1830.0
234.7,1878.0,1835.0
234.8,1874.0,1830.0
234.9,1867.0,1825.0
235.0,1860.0,1819.0
235.1,1853.0,1805.0
235.2,1842.0,1802.0
235.3,1838.0,1805.0
235.4,1835.0,1796.0
235.5,1833.0,1787.0
235.6,1828.0,1784.0
235.7,1822.0,1777.0
235.8,1822.0,1772.0
235.9,1814.0,1770.0
236.0,1809.0,1766.0
236.1,1812.0,1762.0
236.2,1813.0,1761.0
236.3,1811.0,1758.0
236.4,1811.0,1756.0
236.5,1810.0,1757.0
236.6,1803.0,1757.0
236.7,1805.0,1755.0
236.8,1808.0,1753.0
236.9,1806.0,1750.0
237.0,1808.0,1747.0
237.1,1810.0,1748.0
237.2,1817.0,1753.0
237.3,1818.0,1759.0
237.4,1826.0,1766.0
237.5,1832.0,1773.0
237.6,1838.0,1778.0
237.7,1846.0,1787.0
237.8,1854.0,1797.0
237.9,1860.0,1805.0
238.0,1856.0,1811.0
238.1,1860.0,1813.0
238.2,1864.0,1815.0
238.3,1860.0,1817.0
238.4,1856.0,1813.0
238.5,1850.0,1810.0
238.6,1847.0,1805.0
238.7,1840.0,1797.0
238.8,1838.0,1791.0
238.9,1837.0,1785.0
239.0,1833.0,1781.0
239.1,1830.0,1779.0
239.2,1830.0,1777.0
239.3,1827.0,1772.0
239.4,1823.0,1768.0
239.5,1821.0,1765.0
239.6,1826.0,1761.0
239.7,1822.0,1760.0
239.8,1819.0,1764.0
239.9,1817.0,1766.0
240.0,1815.0,1765.0
240.1,1819.0,1762.0
240.2,1819.0,1757.0
240.3,1818.0,1757.0
240.4,1817.0,1759.0
240.5,1818.0,1758.0
240.6,1817.0,1758.0
240.7,1817.0,1758.0
240.8,1820.0,1761.0
240.9,1827.0,1766.0
241.0,1832.0,1774.0
241.1,1844.0,1782.0
241.2,1843.0,1790.0
241.3,1852.0,1798.0
241.4,1858.0,1802.0
241.5,1859.0,1804.0
241.6,1867.0,1807.0
241.7,1867.0,1809.0
241.8,1866.0,1809.0
241.9,1869.0,1807.0
242.0,1860.0,1802.0
242.1,1845.0,1792.0
242.2,1851.0,1785.0
242.3,1847.0,1782.0
242.4,1842.0,1779.0
242.5,1842.0,1773.0
242.6,1836.0,1766.0
242.7,1825.0,1762.0
242.8,1830.0,1758.0
242.9,1828.0,1754.0
243.0,1821.0,1754.0
243.1,1819.0,1757.0
243.2,1815.0,1756.0
243.3,1816.0,1755.0
243.4,1812.0,1752.0
243.5,1820.0,1747.0
243.6,1813.0,1748.0
243.7,1814.0,1748.0
243.8,1811.0,1749.0
243.9,1810.0,1753.0
244.0,1811.0,1759.0
244.1,1815.0,1765.0
244.2,1821.0,1772.0
244.3,1824.0,1781.0
244.4,1833.0,1788.0
244.5,1835.0,1796.0
244.6,1844.0,1805.0
244.7,1851.0,1809.0
244.8,1855.0,1810.0
244.9,1863.0,1812.0
245.0,1869.0,1811.0
245.1,1870.0,1806.0
245.2,1870.0,1800.0
245.3,1870.0,1793.0
245.4,1863.0,1786.0
245.5,1860.0,1778.0
245.6,1855.0,1772.0
245.7,1846.0,1768.0
245.8,1841.0,1765.0
245.9,1835.0,1762.0
246.0,1829.0,1758.0
246.1,1824.0,1754.0
246.2,1814.0,1753.0
246.3,1815.0,1756.0
246.4,1812.0,1756.0
246.5,1809.0,1754.0
246.6,1808.0,1753.0
246.7,1807.0,1750.0
246.8,1802.0,1747.0
246.9,1801.0,1747.0
247.0,1803.0,1748.0
247.1,1803.0,1748.0
247.2,1804.0,1746.0
247.3,1802.0,1745.0
247.4,1801.0,1749.0
247.5,1800.0,1755.0
247.6,1805.0,1764.0
247.7,1807.0,1777.0
247.8,1813.0,1784.0
247.9,1821.0,1793.0
248.0,1827.0,1802.0
248.1,1832.0,1806.0
248.2,1840.0,1810.0
248.3,1847.0,1815.0
248.4,1853.0,1818.0
248.5,1860.0,1819.0
248.6,1864.0,1818.0
248.7,1868.0,1812.0
248.8,1872.0,1804.0
248.9,1871.0,1796.0
249.0,1865.0,1790.0
249.1,1859.0,1787.0
249.2,1852.0,1782.0
249.3,1847.0,1773.0
249.4,1840.0,1764.0
249.5,1835.0,1757.0
249.6,1830.0,1754.0
249.7,1823.0,1757.0
249.8,1819.0,1756.0
249.9,1814.0,1752.0
250.0,1809.0,1750.0
250.1,1805.0,1748.0
250.2,1801.0,1747.0
250.3,1800.0,1748.0
250.4,1797.0,1750.0
250.5,1792.0,1749.0
250.6,1793.0,1744.0
250.7,1798.0,1744.0
250.8,1795.0,1747.0
250.9,1793.0,1753.0
251.0,1791.0,1764.0
251.1,1789.0,1772.0
251.2,1789.0,1778.0
251.3,1797.0,1785.0
251.4,1795.0,1791.0
251.5,1799.0,1797.0
251.6,1804.0,1806.0
251.7,1815.0,1810.0
251.8,1823.0,1812.0
251.9,1831.0,1813.0
252.0,1838.0,1805.0
252.1,1846.0,1799.0
252.2,1852.0,1795.0
252.3,1858.0,1788.0
252.4,1860.0,1787.0
252.5,1859.0,1786.0
252.6,1854.0,1778.0
252.7,1848.0,1775.0
252.8,1842.0,1774.0
252.9,1837.0,1766.0
253.0,1833.0,1765.0
253.1,1827.0,1770.0
253.2,1822.0,1763.0
253.3,1817.0,1760.0
253.4,1813.0,1760.0
253.5,1810.0,1754.0
253.6,1807.0,1753.0
253.7,1804.0,1753.0
253.8,1800.0,1752.0
253.9,1798.0,1752.0
254.0,1798.0,1750.0
254.1,1799.0,1750.0
254.2,1799.0,1756.0
254.3,1797.0,1763.0
254.4,1798.0,1772.0
254.5,1794.0,1781.0
254.6,1791.0,1788.0
254.7,1795.0,1794.0
254.8,1797.0,1800.0
254.9,1802.0,1806.0
255.0,1807.0,1809.0
255.1,1810.0,1811.0
255.2,1819.0,1809.0
255.3,1824.0,1802.0
255.4,1838.0,1796.0
255.5,1843.0,1791.0
255.6,1848.0,1784.0
255.7,1854.0,1782.0
255.8,1852.0,1779.0
255.9,1851.0,1773.0
256.0,1847.0,1769.0
256.1,1842.0,1765.0
256.2,1836.0,1758.0
256.3,1828.0,1754.0
256.4,1823.0,1755.0
256.5,1817.0,1754.0
256.6,1813.0,1751.0
256.7,1809.0,1749.0
256.8,1810.0,1746.0
256.9,1807.0,1743.0
257.0,1807.0,1742.0
257.1,1804.0,1743.0
257.2,1802.0,1744.0
257.3,1799.0,1744.0
257.4,1801.0,1746.0
257.5,1798.0,1753.0
257.6,1797.0,1759.0
257.7,1800.0,1767.0
257.8,1794.0,1776.0
257.9,1797.0,1784.0
258.0,1797.0,1793.0
258.1,1803.0,1799.0
258.2,1804.0,1801.0
258.3,1809.0,1805.0
258.4,1816.0,1807.0
258.5,1821.0,1804.0
258.6,1829.0,1797.0
258.7,1835.0,1789.0
258.8,1843.0,1783.0
258.9,1848.0,1777.0
259.0,1853.0,1771.0
259.1,1862.0,1768.0
259.2,1868.0,1768.0
259.3,1871.0,1765.0
259.4,1882.0,1762.0
259.5,1884.0,1758.0
259.6,1883.0,1753.0
259.7,1894.0,1750.0
259.8,1894.0,1753.0
259.9,1895.0,1753.0
260.0,1908.0,1752.0
260.1,1911.0,1750.0
260.2,1899.0,1747.0
260.3,1902.0,1743.0
260.4,1897.0,1742.0
260.5,1885.0,1744.0
260.6,1878.0,1745.0
260.7,1870.0,1746.0
260.8,1866.0,1745.0
260.9,1859.0,1750.0
261.0,1848.0,1755.0
261.1,1843.0,1761.0
261.2,1837.0,1770.0
261.3,1827.0,1779.0
261.4,1822.0,1787.0
261.5,1817.0,1794.0
261.6,1810.0,1800.0
261.7,1806.0,1801.0
261.8,1804.0,1802.0
261.9,1800.0,1806.0
262.0,1797.0,1806.0
262.1,1800.0,1801.0
262.2,1797.0,1794.0
262.3,1796.0,1787.0
262.4,1796.0,1782.0
262.5,1792.0,1776.0
262.6,1790.0,1774.0
262.7,1791.0,1771.0
262.8,1794.0,1765.0
262.9,1793.0,1761.0
263.0,1795.0,1760.0
263.1,1795.0,1757.0
263.2,1801.0,1756.0
263.3,1809.0,1755.0
263.4,1813.0,1757.0
263.5,1822.0,1755.0
263.6,1830.0,1751.0
263.7,1836.0,1748.0
263.8,1844.0,1747.0
263.9,1851.0,1748.0
264.0,1858.0,1749.0
264.1,1853.0,1748.0
264.2,1857.0,1747.0
264.3,1852.0,1747.0
264.4,1848.0,1749.0
264.5,1840.0,1752.0
264.6,1835.0,1760.0
264.7,1833.0,1768.0
264.8,1822.0,1775.0
264.9,1818.0,1782.0
265.0,1817.0,1789.0
265.1,1810.0,1798.0
265.2,1806.0,1800.0
265.3,1801.0,1801.0
265.4,1799.0,1807.0
265.5,1797.0,1807.0
265.6,1798.0,1800.0
265.7,1794.0,1794.0
265.8,1791.0,1788.0
265.9,1790.0,1781.0
266.0,1792.0,1779.0
266.1,1795.0,1776.0
266.2,1801.0,1771.0
266.3,1810.0,1766.0
266.4,1816.0,1759.0
266.5,1824.0,1754.0
266.6,1832.0,1750.0
266.7,1836.0,1749.0
266.8,1837.0,1750.0
266.9,1840.0,1752.0
267.0,1840.0,1751.0
267.1,1841.0,1750.0
267.2,1836.0,1749.0
267.3,1828.0,1747.0
267.4,1824.0,1746.0
267.5,1816.0,1748.0
267.6,1812.0,1748.0
267.7,1807.0,1750.0
267.8,1806.0,1752.0
267.9,1803.0,1754.0
268.0,1798.0,1759.0
268.1,1793.0,1766.0
268.2,1792.0,1779.0
268.3,1794.0,1789.0
268.4,1794.0,1797.0
268.5,1795.0,1801.0
268.6,1790.0,1806.0
268.7,1790.0,1809.0
268.8,1789.0,1813.0
268.9,1793.0,1814.0
269.0,1800.0,1816.0
269.1,1807.0,1815.0
269.2,1815.0,1806.0
269.3,1822.0,1799.0
269.4,1832.0,1794.0
269.5,1846.0,1783.0
269.6,1854.0,1784.0
269.7,1861.0,1784.0
269.8,1862.0,1775.0
269.9,1863.0,1774.0
270.0,1863.0,1770.0
270.1,1855.0,1761.0
270.2,1852.0,1761.0
270.3,1848.0,1764.0
270.4,1842.0,1760.0
270.5,1838.0,1764.0
270.6,1834.0,1764.0
270.7,1823.0,1759.0
270.8,1821.0,1758.0
270.9,1817.0,1760.0
271.0,1817.0,1757.0
271.1,1812.0,1754.0
271.2,1808.0,1751.0
271.3,1807.0,1751.0
271.4,1805.0,1755.0
271.5,1805.0,1758.0
271.6,1805.0,1765.0
271.7,1806.0,1775.0
271.8,1810.0,1783.0
271.9,1819.0,1790.0
272.0,1823.0,1799.0
272.1,1833.0,1805.0
272.2,1842.0,1806.0
272.3,1848.0,1812.0
272.4,1856.0,1818.0
272.5,1859.0,1817.0
272.6,1861.0,1811.0
272.7,1864.0,1803.0
272.8,1868.0,1796.0
272.9,1869.0,1789.0
273.0,1865.0,1784.0
273.1,1857.0,1781.0
273.2,1848.0,1774.0
273.3,1841.0,1765.0
273.4,1837.0,1758.0
273.5,1833.0,1754.0
273.6,1830.0,1751.0
273.7,1827.0,1749.0
273.8,1820.0,1749.0
273.9,1817.0,1749.0
274.0,1813.0,1748.0
274.1,1810.0,1748.0
274.2,1805.0,1744.0
274.3,1804.0,1745.0
274.4,1801.0,1746.0
274.5,1800.0,1747.0
274.6,1795.0,1746.0
274.7,1794.0,1742.0
274.8,1798.0,1742.0
274.9,1798.0,1742.0
275.0,1795.0,1744.0
275.1,1800.0,1750.0
275.2,1807.0,1759.0
275.3,1814.0,1770.0
275.4,1825.0,1776.0
275.5,1836.0,1783.0
275.6,1846.0,1789.0
275.7,1855.0,1794.0
275.8,1863.0,1801.0
275.9,1868.0,1805.0
276.0,1880.0,1809.0
276.1,1890.0,1810.0
276.2,1896.0,1805.0
276.3,1912.0,1800.0
276.4,1923.0,1791.0
276.5,1931.0,1786.0
276.6,1943.0,1784.0
276.7,1954.0,1778.0
276.8,1961.0,1767.0
276.9,1969.0,1760.0
277.0,1975.0,1755.0
277.1,1976.0,1750.0
277.2,1985.0,1746.0
277.3,2001.0,1747.0
277.4,2005.0,1749.0
277.5,2011.0,1747.0
277.6,2003.0,1750.0
277.7,1994.0,1746.0
277.8,1990.0,1744.0
277.9,1981.0,1745.0
278.0,1966.0,1746.0
278.1,1960.0,1746.0
278.2,1946.0,1746.0
278.3,1933.0,1748.0
278.4,1921.0,1752.0
278.5,1912.0,1757.0
278.6,1907.0,1766.0
278.7,1903.0,1777.0
278.8,1899.0,1788.0
278.9,1893.0,1799.0
279.0,1889.0,1809.0
279.1,1884.0,1813.0
279.2,1884.0,1818.0
279.3,1879.0,1820.0
279.4,1871.0,1825.0
279.5,1861.0,1830.0
279.6,1854.0,1831.0
279.7,1844.0,1830.0
279.8,1837.0,1827.0
279.9,1836.0,1825.0
280.0,1833.0,1817.0
280.1,1828.0,1810.0
280.2,1825.0,1805.0
280.3,1822.0,1800.0
280.4,1817.0,1794.0
280.5,1815.0,1789.0
280.6,1816.0,1785.0
280.7,1813.0,1784.0
280.8,1812.0,1781.0
280.9,1810.0,1774.0
281.0,1806.0,1769.0
281.1,1803.0,1767.0
281.2,1799.0,1767.0
281.3,1798.0,1770.0
281.4,1798.0,1775.0
281.5,1795.0,1774.0
281.6,1792.0,1769.0
281.7,1790.0,1770.0
281.8,1789.0,1770.0
281.9,1794.0,1770.0
282.0,1795.0,1769.0
282.1,1794.0,1774.0
282.2,1792.0,1784.0
282.3,1794.0,1791.0
282.4,1796.0,1797.0
282.5,1803.0,1805.0
282.6,1815.0,1811.0
282.7,1823.0,1815.0
282.8,1829.0,1821.0
282.9,1835.0,1823.0
283.0,1840.0,1823.0
283.1,1841.0,1821.0
283.2,1837.0,1814.0
283.3,1834.0,1805.0
283.4,1828.0,1800.0
283.5,1823.0,1794.0
283.6,1815.0,1793.0
283.7,1810.0,1790.0
283.8,1808.0,1785.0
283.9,1807.0,1781.0
284.0,1807.0,1779.0
284.1,1802.0,1773.0
284.2,1801.0,1770.0
284.3,1797.0,1770.0
284.4,1801.0,1766.0
284.5,1800.0,1765.0
284.6,1800.0,1766.0
284.7,1798.0,1765.0
284.8,1794.0,1763.0
284.9,1794.0,1760.0
285.0,1798.0,1761.0
285.1,1799.0,1761.0
285.2,1797.0,1765.0
285.3,1794.0,1768.0
285.4,1793.0,1773.0
285.5,1792.0,1781.0
285.6,1793.0,1785.0
285.7,1796.0,1795.0
285.8,1791.0,1803.0
285.9,1792.0,1812.0
286.0,1791.0,1817.0
286.1,1792.0,1821.0
286.2,1797.0,1825.0
286.3,1803.0,1830.0
286.4,1812.0,1834.0
286.5,1822.0,1836.0
286.6,1829.0,1835.0
286.7,1838.0,1828.0
286.8,1843.0,1822.0
286.9,1847.0,1816.0
287.0,1847.0,1805.0
287.1,1843.0,1801.0
287.2,1837.0,1798.0
287.3,1829.0,1791.0
287.4,1823.0,1784.0
287.5,1820.0,1779.0
287.6,1816.0,1774.0
287.7,1806.0,1771.0
287.8,1802.0,1771.0
287.9,1800.0,1771.0
288.0,1797.0,1775.0
288.1,1797.0,1777.0
288.2,1798.0,1768.0
288.3,1797.0,1770.0
288.4,1797.0,1768.0
288.5,1793.0,1762.0
288.6,1793.0,1766.0
288.7,1791.0,1767.0
288.8,1795.0,1762.0
288.9,1795.0,1761.0
289.0,1794.0,1763.0
289.1,1793.0,1769.0
289.2,1794.0,1776.0
289.3,1800.0,1782.0
289.4,1807.0,1788.0
289.5,1815.0,1796.0
289.6,1824.0,1802.0
289.7,1830.0,1808.0
289.8,1838.0,1813.0
289.9,1841.0,1818.0
290.0,1843.0,1820.0
290.1,1846.0,1822.0
290.2,1845.0,1820.0
290.3,1838.0,1813.0
290.4,1832.0,1809.0
290.5,1827.0,1802.0
290.6,1822.0,1796.0
290.7,1819.0,1793.0
290.8,1821.0,1786.0
290.9,1820.0,1781.0
291.0,1819.0,1776.0
291.1,1816.0,1774.0
291.2,1811.0,1773.0
291.3,1810.0,1774.0
291.4,1811.0,1774.0
291.5,1812.0,1766.0
291.6,1812.0,1763.0
291.7,1810.0,1760.0
291.8,1809.0,1758.0
291.9,1807.0,1758.0
292.0,1805.0,1758.0
292.1,1809.0,1757.0
292.2,1813.0,1756.0
292.3,1817.0,1755.0
292.4,1823.0,1752.0
292.5,1830.0,1752.0
292.6,1836.0,1754.0
292.7,1845.0,1755.0
292.8,1855.0,1758.0
292.9,1862.0,1763.0
293.0,1864.0,1768.0
293.1,1864.0,1773.0
293.2,1859.0,1779.0
293.3,1850.0,1785.0
293.4,1846.0,1788.0
293.5,1845.0,1796.0
293.6,1839.0,1801.0
293.7,1833.0,1808.0
293.8,1829.0,1809.0
293.9,1824.0,1809.0
294.0,1820.0,1810.0
294.1,1822.0,1800.0
294.2,1825.0,1793.0
294.3,1828.0,1789.0
294.4,1827.0,1783.0
294.5,1822.0,1777.0
294.6,1820.0,1773.0
294.7,1822.0,1768.0
294.8,1823.0,1765.0
294.9,1824.0,1761.0
295.0,1826.0,1756.0
295.1,1821.0,1753.0
295.2,1817.0,1750.0
295.3,1819.0,1751.0
295.4,1820.0,1753.0
295.5,1820.0,1752.0
295.6,1829.0,1754.0
295.7,1837.0,1750.0
295.8,1842.0,1747.0
295.9,1849.0,1743.0
296.0,1856.0,1747.0
296.1,1864.0,1747.0
296.2,1869.0,1752.0
296.3,1876.0,1756.0
296.4,1878.0,1763.0
296.5,1883.0,1767.0
296.6,1892.0,1776.0
296.7,1899.0,1784.0
296.8,1905.0,1791.0
296.9,1911.0,1799.0
297.0,1914.0,1803.0
297.1,1918.0,1805.0
297.2,1919.0,1805.0
297.3,1915.0,1803.0
297.4,1909.0,1801.0
297.5,1900.0,1793.0
297.6,1894.0,1789.0
297.7,1885.0,1784.0
297.8,1878.0,1775.0
297.9,1874.0,1769.0
298.0,1874.0,1766.0
298.1,1867.0,1765.0
298.2,1858.0,1763.0
298.3,1853.0,1761.0
298.4,1849.0,1758.0
298.5,1844.0,1754.0
298.6,1844.0,1753.0
298.7,1841.0,1757.0
298.8,1837.0,1757.0
298.9,1834.0,1755.0
299.0,1832.0,1756.0
299.1,1830.0,1755.0
299.2,1833.0,1755.0
299.3,1833.0,1760.0
299.4,1829.0,1766.0
299.5,1827.0,1771.0
299.6,1824.0,1780.0
299.7,1819.0,1787.0
299.8,1818.0,1794.0
299.9,1823.0,1801.0
300.0,1829.0,1808.0
300.1,1837.0,1814.0
300.2,1843.0,1818.0
300.3,1850.0,1817.0
300.4,1858.0,1811.0
300.5,1865.0,1805.0
300.6,1868.0,1795.0
300.7,1872.0,1791.0
300.8,1876.0,1788.0
300.9,1877.0,1781.0
301.0,1871.0,1774.0
301.1,1866.0,1772.0
301.2,1860.0,1766.0
301.3,1853.0,1765.0
301.4,1845.0,1763.0
301.5,1839.0,1761.0
301.6,1834.0,1757.0
301.7,1831.0,1758.0
301.8,1825.0,1752.0
301.9,1820.0,1753.0
302.0,1820.0,1755.0
302.1,1819.0,1753.0
302.2,1818.0,1751.0
302.3,1817.0,1751.0
302.4,1813.0,1748.0
302.5,1811.0,1751.0
302.6,1811.0,1755.0
302.7,1812.0,1758.0
302.8,1811.0,1762.0
302.9,1808.0,1765.0
303.0,1806.0,1769.0
303.1,1805.0,1772.0
303.2,1807.0,1780.0
303.3,1816.0,1789.0
303.4,1824.0,1797.0
303.5,1829.0,1802.0
303.6,1837.0,1805.0
303.7,1845.0,1809.0
303.8,1854.0,1812.0
303.9,1864.0,1809.0
304.0,1873.0,1806.0
304.1,1880.0,1799.0
304.2,1882.0,1791.0
304.3,1878.0,1786.0
304.4,1874.0,1783.0
304.5,1871.0,1776.0
304.6,1866.0,1770.0
304.7,1859.0,1767.0
304.8,1852.0,1765.0
304.9,1846.0,1761.0
305.0,1840.0,1762.0
305.1,1835.0,1756.0
305.2,1834.0,1759.0
305.3,1830.0,1762.0
305.4,1827.0,1757.0
305.5,1823.0,1756.0
305.6,1819.0,1762.0
305.7,1819.0,1752.0
305.8,1820.0,1757.0
305.9,1820.0,1761.0
306.0,1818.0,1755.0
306.1,1817.0,1759.0
306.2,1816.0,1761.0
306.3,1815.0,1758.0
306.4,1815.0,1767.0
306.5,1813.0,1772.0
306.6,1812.0,1779.0
306.7,1810.0,1787.0
306.8,1811.0,1796.0
306.9,1815.0,1805.0
307.0,1825.0,1808.0
307.1,1836.0,1812.0
307.2,1844.0,1817.0
307.3,1850.0,1820.0
307.4,1855.0,1817.0
307.5,1861.0,1809.0
307.6,1870.0,1801.0
307.7,1874.0,1792.0
307.8,1874.0,1785.0
307.9,1867.0,1782.0
308.0,1858.0,1778.0
308.1,1851.0,1775.0
308.2,1845.0,1769.0
308.3,1842.0,1766.0
308.4,1839.0,1761.0
308.5,1833.0,1762.0
308.6,1827.0,1762.0
308.7,1820.0,1760.0
308.8,1816.0,1761.0
308.9,1816.0,1762.0
309.0,1818.0,1759.0
309.1,1818.0,1756.0
309.2,1816.0,1757.0
309.3,1813.0,1759.0
309.4,1811.0,1759.0
309.5,1811.0,1757.0
309.6,1809.0,1758.0
309.7,1810.0,1761.0
309.8,1812.0,1764.0
309.9,1816.0,1772.0
310.0,1819.0,1781.0
310.1,1826.0,1790.0
310.2,1835.0,1800.0
310.3,1843.0,1806.0
310.4,1853.0,1812.0
310.5,1860.0,1812.0
310.6,1866.0,1820.0
310.7,1866.0,1826.0
310.8,1867.0,1828.0
310.9,1869.0,1836.0
311.0,1865.0,1841.0
311.1,1858.0,1844.0
311.2,1852.0,1847.0
311.3,1847.0,1849.0
311.4,1842.0,1852.0
311.5,1836.0,1855.0
311.6,1833.0,1855.0
311.7,1828.0,1847.0
311.8,1826.0,1844.0
311.9,1824.0,1837.0
312.0,1820.0,1832.0
312.1,1818.0,1823.0
312.2,1821.0,1815.0
312.3,1821.0,1804.0
312.4,1820.0,1793.0
312.5,1820.0,1787.0
312.6,1817.0,1785.0
312.7,1817.0,1782.0
312.8,1817.0,1779.0
312.9,1815.0,1775.0
313.0,1818.0,1773.0
313.1,1824.0,1770.0
313.2,1826.0,1771.0
313.3,1827.0,1771.0
313.4,1835.0,1770.0
313.5,1840.0,1772.0
313.6,1843.0,1767.0
313.7,1849.0,1765.0
313.8,1854.0,1766.0
313.9,1861.0,1768.0
314.0,1864.0,1767.0
314.1,1862.0,1764.0
314.2,1861.0,1763.0
314.3,1856.0,1764.0
314.4,1849.0,1757.0
314.5,1841.0,1758.0
314.6,1835.0,1760.0
314.7,1830.0,1758.0
314.8,1824.0,1760.0
314.9,1821.0,1761.0
315.0,1821.0,1763.0
315.1,1820.0,1768.0
315.2,1818.0,1778.0
315.3,1816.0,1783.0
315.4,1812.0,1790.0
315.5,1811.0,1798.0
315.6,1813.0,1800.0
315.7,1815.0,1805.0
315.8,1814.0,1809.0
315.9,1811.0,1812.0
316.0,1809.0,1811.0
316.1,1810.0,1806.0
316.2,1812.0,1795.0
316.3,1816.0,1784.0
316.4,1820.0,1784.0
316.5,1823.0,1781.0
316.6,1830.0,1776.0
316.7,1835.0,1772.0
316.8,1841.0,1767.0
316.9,1851.0,1760.0
317.0,1857.0,1756.0
317.1,1862.0,1755.0
317.2,1865.0,1755.0
317.3,1864.0,1756.0
317.4,1860.0,1755.0
317.5,1854.0,1753.0
317.6,1847.0,1751.0
317.7,1843.0,1751.0
317.8,1836.0,1752.0
317.9,1831.0,1750.0
318.0,1826.0,1749.0
318.1,1819.0,1748.0
318.2,1817.0,1750.0
318.3,1816.0,1755.0
318.4,1814.0,1758.0
318.5,1812.0,1766.0
318.6,1811.0,1771.0
318.7,1807.0,1777.0
318.8,1805.0,1782.0
318.9,1805.0,1791.0
319.0,1806.0,1799.0
319.1,1805.0,1806.0
319.2,1804.0,1808.0
319.3,1803.0,1811.0
319.4,1802.0,1810.0
319.5,1803.0,1808.0
319.6,1809.0,1802.0
319.7,1813.0,1796.0
319.8,1817.0,1791.0
319.9,1825.0,1782.0
320.0,1832.0,1777.0
320.1,1839.0,1774.0
320.2,1851.0,1774.0
320.3,1859.0,1770.0
320.4,1864.0,1763.0
320.5,1869.0,1758.0
320.6,1868.0,1757.0
320.7,1863.0,1754.0
320.8,1857.0,1752.0
320.9,1852.0,1753.0
321.0,1846.0,1752.0
321.1,1839.0,1752.0
321.2,1833.0,1749.0
321.3,1828.0,1749.0
321.4,1823.0,1747.0
321.5,1818.0,1748.0
321.6,1817.0,1749.0
321.7,1815.0,1750.0
321.8,1812.0,1753.0
321.9,1811.0,1759.0
322.0,1810.0,1764.0
322.1,1808.0,1769.0
322.2,1806.0,1778.0
322.3,1807.0,1793.0
322.4,1809.0,1795.0
322.5,1808.0,1802.0
322.6,1807.0,1805.0
322.7,1806.0,1808.0
322.8,1805.0,1813.0
322.9,1806.0,1816.0
323.0,1811.0,1819.0
323.1,1818.0,1815.0
323.2,1828.0,1804.0
323.3,1835.0,1803.0
323.4,1841.0,1795.0
323.5,1847.0,1789.0
323.6,1855.0,1789.0
323.7,1861.0,1784.0
323.8,1865.0,1771.0
323.9,1866.0,1775.0
324.0,1863.0,1763.0
324.1,1859.0,1756.0
324.2,1853.0,1753.0
324.3,1848.0,1752.0
324.4,1843.0,1753.0
324.5,1838.0,1749.0
324.6,1832.0,1746.0
324.7,1825.0,1744.0
324.8,1821.0,1746.0
324.9,1818.0,1749.0
325.0,1815.0,1751.0
325.1,1814.0,1746.0
325.2,1813.0,1745.0
325.3,1811.0,1745.0
325.4,1809.0,1743.0
325.5,1808.0,1746.0
325.6,1807.0,1752.0
325.7,1807.0,1764.0
325.8,1807.0,1769.0
325.9,1805.0,1774.0
326.0,1803.0,1782.0
326.1,1805.0,1791.0
326.2,1808.0,1797.0
326.3,1814.0,1802.0
326.4,1824.0,1805.0
326.5,1830.0,1804.0
326.6,1837.0,1801.0
326.7,1844.0,1796.0
326.8,1850.0,1788.0
326.9,1855.0,1785.0
327.0,1858.0,1783.0
327.1,1862.0,1777.0
327.2,1866.0,1773.0
327.3,1869.0,1762.0
327.4,1873.0,1759.0
327.5,1876.0,1755.0
327.6,1878.0,1758.0
327.7,1877.0,1754.0
327.8,1872.0,1756.0
327.9,1867.0,1753.0
328.0,1862.0,1747.0
328.1,1856.0,1749.0
328.2,1850.0,1748.0
328.3,1843.0,1747.0
328.4,1838.0,1745.0
328.5,1832.0,1744.0
328.6,1824.0,1745.0
328.7,1818.0,1751.0
328.8,1815.0,1761.0
328.9,1812.0,1770.0
329.0,1813.0,1777.0
329.1,1815.0,1784.0
329.2,1814.0,1788.0
329.3,1812.0,1797.0
329.4,1811.0,1806.0
329.5,1808.0,1812.0
329.6,1807.0,1814.0
329.7,1810.0,1819.0
329.8,1812.0,1822.0
329.9,1817.0,1827.0
330.0,1820.0,1833.0
330.1,1820.0,1840.0
330.2,1830.0,1843.0
330.3,1842.0,1849.0
330.4,1848.0,1854.0
330.5,1855.0,1860.0
330.6,1863.0,1867.0
330.7,1862.0,1873.0
330.8,1866.0,1874.0
330.9,1871.0,1875.0
331.0,1866.0,1881.0
331.1,1860.0,1886.0
331.2,1856.0,1899.0
331.3,1848.0,1914.0
331.4,1841.0,1919.0
331.5,1835.0,1910.0
331.6,1830.0,1906.0
331.7,1829.0,1899.0
331.8,1826.0,1891.0
331.9,1819.0,1884.0
332.0,1812.0,1873.0
332.1,1809.0,1864.0
332.2,1804.0,1856.0
332.3,1801.0,1848.0
332.4,1801.0,1839.0
332.5,1800.0,1829.0
332.6,1801.0,1827.0
332.7,1800.0,1823.0
332.8,1797.0,1813.0
332.9,1796.0,1806.0
333.0,1797.0,1803.0
333.1,1801.0,1798.0
333.2,1808.0,1798.0
333.3,1813.0,1799.0
333.4,1816.0,1791.0
333.5,1823.0,1784.0
333.6,1831.0,1779.0
333.7,1837.0,1771.0
333.8,1845.0,1765.0
333.9,1852.0,1763.0
334.0,1856.0,1761.0
334.1,1859.0,1763.0
334.2,1862.0,1760.0
334.3,1864.0,1758.0
334.4,1869.0,1759.0
334.5,1870.0,1758.0
334.6,1868.0,1753.0
334.7,1864.0,1755.0
334.8,1859.0,1757.0
334.9,1851.0,1757.0
335.0,1845.0,1755.0
335.1,1841.0,1754.0
335.2,1834.0,1754.0
335.3,1825.0,1751.0
335.4,1817.0,1755.0
335.5,1809.0,1755.0
335.6,1804.0,1754.0
335.7,1805.0,1749.0
335.8,1806.0,1754.0
335.9,1803.0,1749.0
336.0,1801.0,1748.0
336.1,1800.0,1752.0
336.2,1800.0,1751.0
336.3,1801.0,1748.0
336.4,1802.0,1745.0
336.5,1801.0,1744.0
336.6,1799.0,1743.0
336.7,1797.0,1744.0
336.8,1797.0,1749.0
336.9,1796.0,1746.0
337.0,1797.0,1744.0
337.1,1798.0,1744.0
337.2,1800.0,1742.0
337.3,1801.0,1742.0
337.4,1804.0,1741.0
337.5,1808.0,1746.0
337.6,1814.0,1746.0
337.7,1823.0,1742.0
337.8,1828.0,1738.0
337.9,1833.0,1740.0
338.0,1843.0,1739.0
338.1,1847.0,1746.0
338.2,1848.0,1741.0
338.3,1851.0,1741.0
338.4,1849.0,1743.0
338.5,1843.0,1741.0
338.6,1838.0,1747.0
338.7,1831.0,1752.0
338.8,1826.0,1759.0
338.9,1821.0,1761.0
339.0,1818.0,1770.0
339.1,1815.0,1774.0
339.2,1811.0,1782.0
339.3,1807.0,1794.0
339.4,1805.0,1798.0
339.5,1801.0,1802.0
339.6,1800.0,1805.0
339.7,1801.0,1808.0
339.8,1803.0,1812.0
339.9,1801.0,1814.0
340.0,1800.0,1808.0
340.1,1796.0,1803.0
340.2,1794.0,1797.0
340.3,1797.0,1791.0
340.4,1800.0,1782.0
340.5,1799.0,1785.0
340.6,1797.0,1770.0
340.7,1795.0,1769.0
340.8,1793.0,1768.0
340.9,1792.0,1763.0
341.0,1796.0,1756.0
341.1,1801.0,1753.0
341.2,1804.0,1759.0
341.3,1810.0,1751.0
341.4,1815.0,1753.0
341.5,1822.0,1758.0
341.6,1830.0,1747.0
341.7,1838.0,1748.0
341.8,1845.0,1748.0
341.9,1848.0,1744.0
342.0,1851.0,1745.0
342.1,1852.0,1745.0
342.2,1845.0,1741.0
342.3,1839.0,1744.0
342.4,1836.0,1742.0
342.5,1830.0,1741.0
342.6,1823.0,1744.0
342.7,1817.0,1745.0
342.8,1811.0,1741.0
342.9,1807.0,1741.0
343.0,1806.0,1739.0
343.1,1805.0,1742.0
343.2,1803.0,1745.0
343.3,1801.0,1751.0
343.4,1798.0,1757.0
343.5,1796.0,1765.0
343.6,1797.0,1774.0
343.7,1800.0,1776.0
343.8,1798.0,1783.0
343.9,1795.0,1791.0
344.0,1793.0,1796.0
344.1,1792.0,1802.0
344.2,1792.0,1799.0
344.3,1799.0,1793.0
344.4,1807.0,1786.0
344.5,1814.0,1779.0
344.6,1820.0,1774.0
344.7,1828.0,1768.0
344.8,1837.0,1765.0
344.9,1840.0,1758.0
345.0,1845.0,1750.0
345.1,1851.0,1747.0
345.2,1854.0,1745.0
345.3,1855.0,1744.0
345.4,1850.0,1746.0
345.5,1841.0,1747.0
345.6,1836.0,1744.0
345.7,1834.0,1739.0
345.8,1828.0,1737.0
345.9,1822.0,1737.0
346.0,1817.0,1733.0
346.1,1810.0,1740.0
346.2,1808.0,1745.0
346.3,1808.0,1749.0
346.4,1805.0,1758.0
346.5,1804.0,1766.0
346.6,1801.0,1769.0
346.7,1799.0,1782.0
346.8,1796.0,1791.0
346.9,1796.0,1794.0
347.0,1794.0,1800.0
347.1,1794.0,1804.0
347.2,1798.0,1810.0
347.3,1797.0,1812.0
347.4,1807.0,1813.0
347.5,1814.0,1809.0
347.6,1817.0,1802.0
347.7,1830.0,1791.0
347.8,1843.0,1783.0
347.9,1849.0,1771.0
348.0,1856.0,1763.0
348.1,1862.0,1758.0
348.2,1859.0,1752.0
348.3,1861.0,1747.0
348.4,1862.0,1743.0
348.5,1851.0,1741.0
348.6,1847.0,1734.0
348.7,1839.0,1739.0
348.8,1826.0,1739.0
348.9,1819.0,1740.0
349.0,1817.0,1735.0
349.1,1815.0,1736.0
349.2,1810.0,1734.0
349.3,1807.0,1734.0
349.4,1808.0,1734.0
349.5,1806.0,1736.0
349.6,1803.0,1734.0
349.7,1803.0,1734.0
349.8,1800.0,1740.0
349.9,1802.0,1747.0
350.0,1806.0,1755.0
350.1,1810.0,1765.0
350.2,1816.0,1773.0
350.3,1823.0,1776.0
350.4,1833.0,1780.0
350.5,1844.0,1783.0
350.6,1848.0,1786.0
350.7,1853.0,1788.0
350.8,1856.0,1785.0
350.9,1858.0,1783.0
351.0,1859.0,1775.0
351.1,1858.0,1766.0
351.2,1851.0,1756.0
351.3,1845.0,1751.0
351.4,1837.0,1751.0
351.5,1827.0,1744.0
351.6,1822.0,1740.0
351.7,1818.0,1739.0
351.8,1812.0,1735.0
351.9,1807.0,1736.0
352.0,1803.0,1738.0
352.1,1799.0,1738.0
352.2,1796.0,1731.0
352.3,1797.0,1734.0
352.4,1796.0,1733.0
352.5,1795.0,1729.0
352.6,1792.0,1735.0
352.7,1790.0,1740.0
352.8,1789.0,1744.0
352.9,1792.0,1752.0
353.0,1801.0,1759.0
353.1,1814.0,1764.0
353.2,1825.0,1775.0
353.3,1834.0,1782.0
353.4,1842.0,1785.0
353.5,1852.0,1789.0
353.6,1860.0,1790.0
353.7,1865.0,1788.0
353.8,1868.0,1783.0
353.9,1868.0,1778.0
354.0,1864.0,1774.0
354.1,1860.0,1765.0
354.2,1855.0,1761.0
354.3,1848.0,1753.0
354.4,1839.0,1746.0
354.5,1828.0,1743.0
354.6,1820.0,1742.0
354.7,1815.0,1746.0
354.8,1809.0,1742.0
354.9,1808.0,1744.0
355.0,1806.0,1746.0
355.1,1800.0,1741.0
355.2,1798.0,1736.0
355.3,1793.0,1741.0
355.4,1789.0,1740.0
355.5,1792.0,1739.0
355.6,1799.0,1737.0
355.7,1807.0,1738.0
355.8,1816.0,1741.0
355.9,1824.0,1750.0
356.0,1834.0,1759.0
356.1,1843.0,1767.0
356.2,1852.0,1774.0
356.3,1857.0,1781.0
356.4,1863.0,1788.0
356.5,1862.0,1792.0
356.6,1862.0,1797.0
356.7,1857.0,1797.0
356.8,1850.0,1794.0
356.9,1842.0,1787.0
357.0,1836.0,1779.0
357.1,1831.0,1772.0
357.2,1826.0,1768.0
357.3,1819.0,1764.0
357.4,1817.0,1758.0
357.5,1812.0,1750.0
357.6,1809.0,1746.0
357.7,1806.0,1747.0
357.8,1804.0,1742.0
357.9,1802.0,1745.0
358.0,1802.0,1751.0
358.1,1799.0,1750.0
358.2,1795.0,1745.0
358.3,1795.0,1747.0
358.4,1799.0,1747.0
358.5,1805.0,1746.0
358.6,1814.0,1756.0
358.7,1827.0,1763.0
358.8,1837.0,1765.0
358.9,1844.0,1778.0
359.0,1853.0,1779.0
359.1,1860.0,1782.0
359.2,1862.0,1795.0
359.3,1869.0,1795.0
359.4,1877.0,1796.0
359.5,1884.0,1799.0
359.6,1886.0,1789.0
359.7,1882.0,1782.0
359.8,1877.0,1776.0
359.9,1869.0,1771.0
360.0,1862.0,1767.0
360.1,1853.0,1770.0
360.2,1840.0,1762.0
360.3,1827.0,1756.0
360.4,1818.0,1750.0
360.5,1811.0,1749.0
360.6,1810.0,1747.0
360.7,1806.0,1747.0
360.8,1804.0,1750.0
360.9,1803.0,1746.0
361.0,1800.0,1745.0
361.1,1797.0,1743.0
361.2,1797.0,1739.0
361.3,1800.0,1743.0
361.4,1798.0,1745.0
361.5,1793.0,1740.0
361.6,1794.0,1745.0
361.7,1789.0,1749.0
361.8,1789.0,1754.0
361.9,1793.0,1763.0
362.0,1797.0,1772.0
362.1,1802.0,1775.0
362.2,1810.0,1780.0
362.3,1818.0,1785.0
362.4,1824.0,1786.0
362.5,1835.0,1785.0
362.6,1840.0,1786.0
362.7,1846.0,1785.0
362.8,1850.0,1779.0
362.9,1850.0,1773.0
363.0,1848.0,1767.0
363.1,1844.0,1763.0
363.2,1840.0,1753.0
363.3,1832.0,1752.0
363.4,1829.0,1752.0
363.5,1822.0,1751.0
363.6,1815.0,1749.0
363.7,1809.0,1746.0
363.8,1806.0,1745.0
363.9,1806.0,1747.0
364.0,1806.0,1746.0
364.1,1799.0,1749.0
364.2,1796.0,1745.0
364.3,1794.0,1746.0
364.4,1793.0,1743.0
364.5,1792.0,1739.0
364.6,1795.0,1740.0
364.7,1795.0,1747.0
364.8,1796.0,1752.0
364.9,1810.0,1757.0
365.0,1816.0,1764.0
365.1,1824.0,1769.0
365.2,1840.0,1774.0
365.3,1850.0,1783.0
365.4,1853.0,1790.0
365.5,1861.0,1794.0
365.6,1865.0,1791.0
365.7,1858.0,1792.0
365.8,1867.0,1784.0
365.9,1863.0,1777.0
366.0,1851.0,1774.0
366.1,1842.0,1770.0
366.2,1837.0,1765.0
366.3,1825.0,1762.0
366.4,1820.0,1756.0
366.5,1812.0,1750.0
366.6,1806.0,1746.0
366.7,1805.0,1748.0
366.8,1802.0,1749.0
366.9,1797.0,1749.0
367.0,1799.0,1747.0
367.1,1797.0,1747.0
367.2,1794.0,1743.0
367.3,1793.0,1741.0
367.4,1795.0,1744.0
367.5,1795.0,1743.0
367.6,1808.0,1743.0
367.7,1814.0,1741.0
367.8,1819.0,1746.0
367.9,1828.0,1749.0
368.0,1832.0,1751.0
368.1,1838.0,1763.0
368.2,1845.0,1770.0
368.3,1849.0,1773.0
368.4,1848.0,1781.0
368.5,1846.0,1785.0
368.6,1840.0,1787.0
368.7,1834.0,1792.0
368.8,1830.0,1795.0
368.9,1826.0,1788.0
369.0,1822.0,1783.0
369.1,1818.0,1776.0
369.2,1814.0,1769.0
369.3,1808.0,1762.0
369.4,1805.0,1757.0
369.5,1804.0,1756.0
369.6,1799.0,1753.0
369.7,1797.0,1748.0
369.8,1795.0,1744.0
369.9,1793.0,1745.0
370.0,1791.0,1742.0
370.1,1797.0,1743.0
370.2,1807.0,1741.0
370.3,1813.0,1743.0
370.4,1819.0,1743.0
370.5,1826.0,1739.0
370.6,1833.0,1735.0
370.7,1836.0,1736.0
370.8,1843.0,1736.0
370.9,1843.0,1739.0
371.0,1845.0,1749.0
371.1,1844.0,1753.0
371.2,1840.0,1762.0
371.3,1835.0,1766.0
371.4,1832.0,1776.0
371.5,1828.0,1785.0
371.6,1823.0,1792.0
371.7,1822.0,1794.0
371.8,1819.0,1796.0
371.9,1813.0,1797.0
372.0,1815.0,1793.0
372.1,1815.0,1785.0
372.2,1812.0,1783.0
372.3,1809.0,1779.0
372.4,1809.0,1773.0
372.5,1807.0,1769.0
372.6,1804.0,1765.0
372.7,1806.0,1762.0
372.8,1805.0,1761.0
372.9,1803.0,1762.0
373.0,1804.0,1761.0
373.1,1807.0,1762.0
373.2,1811.0,1759.0
373.3,1819.0,1760.0
373.4,1830.0,1762.0
373.5,1840.0,1759.0
373.6,1847.0,1762.0
373.7,1848.0,1766.0
373.8,1850.0,1769.0
373.9,1854.0,1773.0
374.0,1854.0,1782.0
374.1,1850.0,1788.0
374.2,1843.0,1793.0
374.3,1836.0,1804.0
374.4,1828.0,1811.0
374.5,1825.0,1808.0
374.6,1819.0,1812.0
374.7,1817.0,1811.0
374.8,1813.0,1805.0
374.9,1810.0,1808.0
375.0,1807.0,1799.0
375.1,1802.0,1792.0
375.2,1806.0,1790.0
375.3,1805.0,1785.0
375.4,1802.0,1777.0
375.5,1800.0,1781.0
375.6,1796.0,1769.0
375.7,1793.0,1765.0
375.8,1793.0,1770.0
375.9,1800.0,1766.0
376.0,1810.0,1763.0
376.1,1817.0,1768.0
376.2,1826.0,1765.0
376.3,1834.0,1761.0
376.4,1837.0,1772.0
376.5,1847.0,1772.0
376.6,1850.0,1776.0
376.7,1854.0,1790.0
376.8,1853.0,1798.0
376.9,1847.0,1802.0
377.0,1842.0,1814.0
377.1,1835.0,1816.0
377.2,1832.0,1820.0
377.3,1825.0,1828.0
377.4,1822.0,1833.0
377.5,1815.0,1837.0
377.6,1809.0,1840.0
377.7,1807.0,1844.0
377.8,1808.0,1843.0
377.9,1805.0,1837.0
378.0,1802.0,1828.0
378.1,1801.0,1819.0
378.2,1797.0,1809.0
378.3,1794.0,1801.0
378.4,1796.0,1795.0
378.5,1797.0,1793.0
378.6,1797.0,1783.0
378.7,1797.0,1774.0
378.8,1799.0,1766.0
378.9,1803.0,1762.0
379.0,1810.0,1755.0
379.1,1819.0,1755.0
379.2,1828.0,1754.0
379.3,1837.0,1752.0
379.4,1844.0,1754.0
379.5,1850.0,1752.0
379.6,1852.0,1749.0
379.7,1856.0,1750.0
379.8,1856.0,1750.0
379.9,1851.0,1745.0
380.0,1841.0,1748.0
380.1,1837.0,1753.0
380.2,1831.0,1759.0
380.3,1830.0,1766.0
380.4,1828.0,1776.0
380.5,1822.0,1784.0
380.6,1819.0,1791.0
380.7,1813.0,1793.0
380.8,1810.0,1795.0
380.9,1808.0,1793.0
381.0,1807.0,1792.0
381.1,1806.0,1791.0
381.2,1805.0,1784.0
381.3,1803.0,1778.0
381.4,1800.0,1772.0
381.5,1798.0,1767.0
381.6,1801.0,1760.0
381.7,1800.0,1757.0
381.8,1808.0,1757.0
381.9,1817.0,1759.0
382.0,1821.0,1757.0
382.1,1829.0,1755.0
382.2,1839.0,1752.0
382.3,1845.0,1750.0
382.4,1859.0,1752.0
382.5,1861.0,1749.0
382.6,1860.0,1746.0
382.7,1868.0,1744.0
382.8,1868.0,1744.0
382.9,1860.0,1746.0
383.0,1858.0,1749.0
383.1,1854.0,1759.0
383.2,1844.0,1768.0
383.3,1841.0,1775.0
383.4,1834.0,1780.0
383.5,1823.0,1787.0
383.6,1827.0,1793.0
383.7,1820.0,1801.0
383.8,1812.0,1806.0
383.9,1814.0,1805.0
384.0,1808.0,1800.0
384.1,1802.0,1795.0
384.2,1800.0,1784.0
384.3,1798.0,1779.0
384.4,1794.0,1776.0
384.5,1796.0,1771.0
384.6,1799.0,1765.0
384.7,1805.0,1758.0
384.8,1819.0,1755.0
384.9,1830.0,1753.0
385.0,1838.0,1751.0
385.1,1848.0,1749.0
385.2,1855.0,1749.0
385.3,1859.0,1748.0
385.4,1863.0,1747.0
385.5,1867.0,1745.0
385.6,1864.0,1743.0
385.7,1855.0,1744.0
385.8,1848.0,1744.0
385.9,1838.0,1743.0
386.0,1833.0,1745.0
386.1,1828.0,1746.0
386.2,1822.0,1756.0
386.3,1818.0,1760.0
386.4,1817.0,1769.0
386.5,1809.0,1774.0
386.6,1807.0,1780.0
386.7,1808.0,1783.0
386.8,1803.0,1786.0
386.9,1802.0,1791.0
387.0,1798.0,1791.0
387.1,1794.0,1791.0
387.2,1792.0,1784.0
387.3,1798.0,1777.0
387.4,1798.0,1770.0
387.5,1803.0,1764.0
387.6,1810.0,1762.0
387.7,1819.0,1761.0
387.8,1823.0,1757.0
387.9,1832.0,1756.0
388.0,1841.0,1754.0
388.1,1846.0,1752.0
388.2,1849.0,1749.0
388.3,1855.0,1751.0
388.4,1857.0,1751.0
388.5,1857.0,1751.0
388.6,1856.0,1750.0
388.7,1851.0,1749.0
388.8,1843.0,1748.0
388.9,1838.0,1750.0
389.0,1833.0,1752.0
389.1,1827.0,1757.0
389.2,1819.0,1758.0
389.3,1817.0,1761.0
389.4,1817.0,1765.0
389.5,1813.0,1773.0
389.6,1805.0,1783.0
389.7,1801.0,1789.0
389.8,1798.0,1795.0
389.9,1798.0,1800.0
390.0,1795.0,1805.0
390.1,1797.0,1808.0
390.2,1793.0,1806.0
390.3,1794.0,1803.0
390.4,1790.0,1796.0
390.5,1788.0,1790.0
390.6,1792.0,1784.0
390.7,1800.0,1779.0
390.8,1807.0,1773.0
390.9,1814.0,1773.0
391.0,1825.0,1769.0
391.1,1831.0,1765.0
391.2,1837.0,1759.0
391.3,1846.0,1755.0
391.4,1851.0,1752.0
391.5,1857.0,1749.0
391.6,1859.0,1749.0
391.7,1855.0,1750.0
391.8,1848.0,1754.0
391.9,1843.0,1749.0
392.0,1836.0,1747.0
392.1,1829.0,1745.0
392.2,1820.0,1744.0
392.3,1813.0,1745.0
392.4,1806.0,1751.0
392.5,1803.0,1753.0
392.6,1799.0,1756.0
392.7,1796.0,1766.0
392.8,1792.0,1771.0
392.9,1792.0,1776.0
393.0,1787.0,1791.0
393.1,1784.0,1797.0
393.2,1784.0,1799.0
393.3,1784.0,1810.0
393.4,1784.0,1811.0
393.5,1787.0,1810.0
393.6,1783.0,1813.0
393.7,1785.0,1812.0
393.8,1780.0,1802.0
393.9,1785.0,1801.0
394.0,1796.0,1793.0
394.1,1802.0,1783.0
394.2,1809.0,1785.0
394.3,1819.0,1778.0
394.4,1825.0,1775.0
394.5,1837.0,1771.0
394.6,1848.0,1759.0
394.7,1854.0,1749.0
394.8,1866.0,1751.0
394.9,1873.0,1746.0
395.0,1879.0,1744.0
395.1,1886.0,1745.0
395.2,1889.0,1743.0
395.3,1892.0,1742.0
395.4,1889.0,1742.0
395.5,1886.0,1742.0
395.6,1877.0,1745.0
395.7,1867.0,1752.0
395.8,1858.0,1754.0
395.9,1851.0,1759.0
396.0,1850.0,1765.0
396.1,1849.0,1773.0
396.2,1839.0,1777.0
396.3,1836.0,1786.0
396.4,1830.0,1791.0
396.5,1823.0,1795.0
396.6,1822.0,1798.0
396.7,1822.0,1798.0
396.8,1817.0,1796.0
396.9,1812.0,1792.0
397.0,1814.0,1787.0
397.1,1808.0,1781.0
397.2,1811.0,1776.0
397.3,1811.0,1769.0
397.4,1808.0,1761.0
397.5,1809.0,1759.0
397.6,1809.0,1757.0
397.7,1804.0,1754.0
397.8,1803.0,1747.0
397.9,1806.0,1746.0
398.0,1800.0,1745.0
398.1,1799.0,1742.0
398.2,1798.0,1746.0
398.3,1796.0,1746.0
398.4,1804.0,1743.0
398.5,1814.0,1741.0
398.6,1818.0,1741.0
398.7,1827.0,1741.0
398.8,1835.0,1739.0
398.9,1840.0,1744.0
399.0,1846.0,1745.0
399.1,1846.0,1745.0
399.2,1852.0,1750.0
399.3,1859.0,1754.0
399.4,1868.0,1759.0
399.5,1864.0,1768.0
399.6,1863.0,1778.0
399.7,1860.0,1786.0
399.8,1847.0,1793.0
399.9,1848.0,1794.0
400.0,1844.0,1797.0
400.1,1836.0,1798.0
400.2,1835.0,1796.0
400.3,1835.0,1792.0
400.4,1822.0,1787.0
400.5,1829.0,1781.0
400.6,1830.0,1774.0
400.7,1813.0,1771.0
400.8,1819.0,1768.0
400.9,1824.0,1765.0
401.0,1812.0,1757.0
401.1,1819.0,1753.0
401.2,1820.0,1751.0
401.3,1813.0,1748.0
401.4,1812.0,1747.0
401.5,1810.0,1751.0
401.6,1802.0,1750.0
401.7,1805.0,1750.0
401.8,1808.0,1746.0
401.9,1811.0,1744.0
402.0,1819.0,1746.0
402.1,1829.0,1747.0
402.2,1833.0,1746.0
402.3,1838.0,1745.0
402.4,1846.0,1744.0
402.5,1854.0,1742.0
402.6,1860.0,1741.0
402.7,1860.0,1743.0
402.8,1857.0,1748.0
402.9,1853.0,1754.0
403.0,1847.0,1760.0
403.1,1838.0,1763.0
403.2,1837.0,1770.0
403.3,1832.0,1776.0
403.4,1822.0,1782.0
403.5,1821.0,1784.0
403.6,1820.0,1786.0
403.7,1812.0,1789.0
403.8,1812.0,1788.0
403.9,1812.0,1783.0
404.0,1809.0,1781.0
404.1,1808.0,1777.0
404.2,1807.0,1770.0
404.3,1803.0,1765.0
404.4,1806.0,1760.0
404.5,1804.0,1756.0
404.6,1800.0,1754.0
404.7,1800.0,1751.0
404.8,1797.0,1749.0
404.9,1795.0,1743.0
405.0,1798.0,1740.0
405.1,1796.0,1739.0
405.2,1796.0,1740.0
405.3,1800.0,1741.0
405.4,1809.0,1741.0
405.5,1813.0,1740.0
405.6,1824.0,1737.0
405.7,1831.0,1736.0
405.8,1844.0,1736.0
405.9,1854.0,1739.0
406.0,1860.0,1744.0
406.1,1867.0,1751.0
406.2,1872.0,1759.0
406.3,1877.0,1764.0
406.4,1886.0,1771.0
406.5,1889.0,1778.0
406.6,1889.0,1785.0
406.7,1885.0,1789.0
406.8,1878.0,1791.0
406.9,1871.0,1791.0
407.0,1863.0,1791.0
407.1,1857.0,1789.0
407.2,1849.0,1785.0
407.3,1846.0,1779.0
407.4,1836.0,1773.0
407.5,1826.0,1768.0
407.6,1822.0,1761.0
407.7,1820.0,1753.0
407.8,1813.0,1752.0
407.9,1808.0,1754.0
408.0,1805.0,1751.0
408.1,1799.0,1751.0
408.2,1803.0,1747.0
408.3,1803.0,1744.0
408.4,1802.0,1744.0
408.5,1795.0,1746.0
408.6,1793.0,1746.0
408.7,1794.0,1747.0
408.8,1797.0,1745.0
408.9,1806.0,1740.0
409.0,1817.0,1739.0
409.1,1821.0,1741.0
409.2,1833.0,1742.0
409.3,1839.0,1742.0
409.4,1848.0,1745.0
409.5,1859.0,1747.0
409.6,1867.0,1755.0
409.7,1869.0,1766.0
409.8,1873.0,1775.0
409.9,1871.0,1783.0
410.0,1868.0,1790.0
410.1,1866.0,1796.0
410.2,1859.0,1803.0
410.3,1856.0,1804.0
410.4,1848.0,1804.0
410.5,1843.0,1803.0
410.6,1837.0,1797.0
410.7,1831.0,1784.0
410.8,1831.0,1777.0
410.9,1825.0,1774.0
411.0,1819.0,1767.0
411.1,1815.0,1766.0
411.2,1815.0,1760.0
411.3,1818.0,1750.0
411.4,1815.0,1751.0
411.5,1814.0,1750.0
411.6,1810.0,1749.0
411.7,1812.0,1756.0
411.8,1809.0,1751.0
411.9,1811.0,1747.0
412.0,1818.0,1749.0
412.1,1823.0,1746.0
412.2,1831.0,1743.0
412.3,1841.0,1743.0
412.4,1852.0,1746.0
412.5,1861.0,1746.0
412.6,1867.0,1752.0
412.7,1873.0,1759.0
412.8,1872.0,1766.0
412.9,1875.0,1777.0
413.0,1875.0,1786.0
413.1,1871.0,1794.0
413.2,1864.0,1801.0
413.3,1855.0,1805.0
413.4,1855.0,1805.0
413.5,1851.0,1805.0
413.6,1844.0,1802.0
413.7,1845.0,1799.0
413.8,1837.0,1799.0
413.9,1826.0,1791.0
414.0,1828.0,1782.0
414.1,1821.0,1785.0
414.2,1817.0,1787.0
414.3,1815.0,1792.0
414.4,1809.0,1800.0
414.5,1808.0,1802.0
414.6,1807.0,1796.0
414.7,1804.0,1792.0
414.8,1806.0,1789.0
414.9,1808.0,1786.0
415.0,1818.0,1778.0
415.1,1832.0,1767.0
415.2,1842.0,1757.0
415.3,1852.0,1754.0
415.4,1860.0,1755.0
415.5,1862.0,1753.0
415.6,1869.0,1749.0
415.7,1875.0,1747.0
415.8,1875.0,1747.0
415.9,1876.0,1747.0
416.0,1868.0,1745.0
416.1,1864.0,1740.0
416.2,1857.0,1739.0
416.3,1856.0,1738.0
416.4,1854.0,1736.0
416.5,1853.0,1737.0
416.6,1844.0,1737.0
416.7,1839.0,1736.0
416.8,1835.0,1738.0
416.9,1833.0,1744.0
417.0,1825.0,1750.0
417.1,1826.0,1759.0
417.2,1823.0,1771.0
417.3,1815.0,1781.0
417.4,1815.0,1790.0
417.5,1810.0,1795.0
417.6,1805.0,1803.0
417.7,1813.0,1808.0
417.8,1818.0,1814.0
417.9,1824.0,1819.0
418.0,1836.0,1824.0
418.1,1852.0,1828.0
418.2,1860.0,1827.0
418.3,1872.0,1821.0
418.4,1882.0,1813.0
418.5,1881.0,1803.0
418.6,1893.0,1792.0
418.7,1899.0,1782.0
418.8,1890.0,1775.0
418.9,1889.0,1767.0
419.0,1883.0,1760.0
419.1,1874.0,1754.0
419.2,1875.0,1747.0
419.3,1868.0,1741.0
419.4,1854.0,1738.0
419.5,1849.0,1734.0
419.6,1841.0,1735.0
419.7,1839.0,1739.0
419.8,1842.0,1740.0
419.9,1835.0,1738.0
420.0,1838.0,1736.0
420.1,1834.0,1734.0
420.2,1829.0,1735.0
420.3,1836.0,1736.0
420.4,1836.0,1736.0
420.5,1828.0,1734.0
420.6,1820.0,1731.0
420.7,1821.0,1730.0
420.8,1827.0,1732.0
420.9,1833.0,1732.0
421.0,1834.0,1731.0
421.1,1834.0,1730.0
421.2,1827.0,1730.0
421.3,1826.0,1735.0
421.4,1827.0,1743.0
421.5,1823.0,1752.0
421.6,1818.0,1762.0
421.7,1812.0,1770.0
421.8,1811.0,1777.0
421.9,1813.0,1782.0
422.0,1813.0,1789.0
422.1,1811.0,1794.0
422.2,1813.0,1795.0
422.3,1821.0,1792.0
422.4,1831.0,1786.0
422.5,1843.0,1778.0
422.6,1856.0,1772.0
422.7,1864.0,1768.0
422.8,1874.0,1763.0
422.9,1884.0,1756.0
423.0,1894.0,1751.0
423.1,1901.0,1745.0
423.2,1908.0,1741.0
423.3,1908.0,1742.0
423.4,1914.0,1741.0
423.5,1917.0,1742.0
423.6,1923.0,1739.0
423.7,1925.0,1734.0
423.8,1920.0,1733.0
423.9,1914.0,1733.0
424.0,1911.0,1735.0
424.1,1905.0,1737.0
424.2,1900.0,1740.0
424.3,1893.0,1747.0
424.4,1885.0,1755.0
424.5,1880.0,1766.0
424.6,1879.0,1774.0
424.7,1876.0,1783.0
424.8,1871.0,1790.0
424.9,1867.0,1792.0
425.0,1862.0,1794.0
425.1,1863.0,1793.0
425.2,1856.0,1788.0
425.3,1849.0,1782.0
425.4,1841.0,1775.0
425.5,1835.0,1768.0
425.6,1836.0,1761.0
425.7,1828.0,1755.0
425.8,1820.0,1750.0
425.9,1816.0,1746.0
426.0,1806.0,1740.0
426.1,1807.0,1737.0
426.2,1810.0,1735.0
426.3,1808.0,1735.0
426.4,1807.0,1735.0
426.5,1804.0,1735.0
426.6,1803.0,1731.0
426.7,1802.0,1727.0
426.8,1802.0,1727.0
426.9,1802.0,1729.0
427.0,1807.0,1739.0
427.1,1816.0,1751.0
427.2,1819.0,1759.0
427.3,1830.0,1769.0
427.4,1843.0,1780.0
427.5,1854.0,1785.0
427.6,1861.0,1791.0
427.7,1869.0,1799.0
427.8,1875.0,1802.0
427.9,1888.0,1802.0
428.0,1895.0,1798.0
428.1,1897.0,1788.0
428.2,1903.0,1781.0
428.3,1904.0,1779.0
428.4,1912.0,1773.0
428.5,1918.0,1765.0
428.6,1926.0,1761.0
428.7,1930.0,1752.0
428.8,1932.0,1748.0
428.9,1929.0,1752.0
429.0,1925.0,1751.0
429.1,1924.0,1749.0
429.2,1918.0,1752.0
429.3,1917.0,1744.0
429.4,1913.0,1741.0
429.5,1909.0,1747.0
429.6,1909.0,1746.0
429.7,1904.0,1748.0
429.8,1901.0,1757.0
429.9,1896.0,1762.0
430.0,1885.0,1769.0
430.1,1881.0,1780.0
430.2,1879.0,1786.0
430.3,1874.0,1794.0
430.4,1871.0,1802.0
430.5,1855.0,1804.0
430.6,1846.0,1804.0
430.7,1842.0,1802.0
430.8,1839.0,1796.0
430.9,1833.0,1791.0
431.0,1830.0,1785.0
431.1,1825.0,1778.0
431.2,1821.0,1772.0
431.3,1822.0,1767.0
431.4,1823.0,1760.0
431.5,1821.0,1756.0
431.6,1818.0,1755.0
431.7,1818.0,1752.0
431.8,1812.0,1750.0
431.9,1811.0,1749.0
432.0,1809.0,1747.0
432.1,1810.0,1745.0
432.2,1807.0,1745.0
432.3,1811.0,1743.0
432.4,1816.0,1740.0
432.5,1826.0,1739.0
432.6,1832.0,1741.0
432.7,1842.0,1747.0
432.8,1848.0,1759.0
432.9,1851.0,1770.0
433.0,1857.0,1779.0
433.1,1861.0,1786.0
433.2,1866.0,1792.0
433.3,1868.0,1799.0
433.4,1870.0,1803.0
433.5,1875.0,1808.0
433.6,1876.0,1807.0
433.7,1877.0,1799.0
433.8,1873.0,1788.0
433.9,1869.0,1780.0
434.0,1865.0,1776.0
434.1,1855.0,1772.0
434.2,1845.0,1765.0
434.3,1839.0,1757.0
434.4,1839.0,1750.0
434.5,1839.0,1747.0
434.6,1831.0,1746.0
434.7,1830.0,1745.0
434.8,1825.0,1743.0
434.9,1823.0,1741.0
435.0,1825.0,1741.0
435.1,1822.0,1739.0
435.2,1824.0,1738.0
435.3,1822.0,1739.0
435.4,1817.0,1743.0
435.5,1820.0,1751.0
435.6,1823.0,1759.0
435.7,1820.0,1768.0
435.8,1821.0,1777.0
435.9,1818.0,1784.0
436.0,1811.0,1792.0
436.1,1814.0,1798.0
436.2,1819.0,1802.0
436.3,1815.0,1804.0
436.4,1815.0,1802.0
436.5,1812.0,1798.0
436.6,1805.0,1795.0
436.7,1808.0,1788.0
436.8,1812.0,1781.0
436.9,1809.0,1774.0
437.0,1813.0,1763.0
437.1,1819.0,1758.0
437.2,1826.0,1759.0
437.3,1833.0,1759.0
437.4,1843.0,1760.0
437.5,1853.0,1758.0
437.6,1864.0,1753.0
437.7,1864.0,1751.0
437.8,1866.0,1754.0
437.9,1870.0,1754.0
438.0,1874.0,1752.0
438.1,1876.0,1751.0
438.2,1874.0,1750.0
438.3,1866.0,1748.0
438.4,1858.0,1749.0
438.5,1848.0,1749.0
438.6,1844.0,1753.0
438.7,1842.0,1759.0
438.8,1841.0,1767.0
438.9,1835.0,1775.0
439.0,1829.0,1782.0
439.1,1824.0,1790.0
439.2,1821.0,1796.0
439.3,1820.0,1801.0
439.4,1822.0,1803.0
439.5,1819.0,1801.0
439.6,1814.0,1797.0
439.7,1814.0,1793.0
439.8,1811.0,1788.0
439.9,1808.0,1782.0
440.0,1806.0,1777.0
440.1,1806.0,1773.0
440.2,1805.0,1769.0
440.3,1802.0,1769.0
440.4,1799.0,1769.0
440.5,1800.0,1764.0
440.6,1797.0,1762.0
440.7,1795.0,1761.0
440.8,1794.0,1759.0
440.9,1794.0,1760.0
441.0,1794.0,1763.0
441.1,1798.0,1763.0
441.2,1810.0,1761.0
441.3,1816.0,1762.0
441.4,1825.0,1758.0
441.5,1834.0,1756.0
441.6,1840.0,1762.0
441.7,1848.0,1768.0
441.8,1856.0,1773.0
441.9,1861.0,1780.0
442.0,1866.0,1786.0
442.1,1873.0,1795.0
442.2,1876.0,1804.0
442.3,1879.0,1809.0
442.4,1874.0,1812.0
442.5,1868.0,1809.0
442.6,1867.0,1801.0
442.7,1860.0,1793.0
442.8,1853.0,1787.0
442.9,1846.0,1784.0
443.0,1843.0,1779.0
443.1,1840.0,1774.0
443.2,1834.0,1770.0
443.3,1824.0,1766.0
443.4,1820.0,1762.0
443.5,1812.0,1759.0
443.6,1806.0,1760.0
443.7,1804.0,1759.0
443.8,1802.0,1758.0
443.9,1799.0,1755.0
444.0,1798.0,1752.0
444.1,1793.0,1752.0
444.2,1791.0,1753.0
444.3,1790.0,1752.0
444.4,1789.0,1753.0
444.5,1787.0,1753.0
444.6,1787.0,1755.0
444.7,1785.0,1760.0
444.8,1783.0,1769.0
444.9,1784.0,1780.0
445.0,1795.0,1787.0
445.1,1804.0,1797.0
445.2,1812.0,1804.0
445.3,1822.0,1807.0
445.4,1830.0,1811.0
445.5,1840.0,1814.0
445.6,1850.0,1812.0
445.7,1858.0,1808.0
445.8,1865.0,1801.0
445.9,1870.0,1790.0
446.0,1869.0,1781.0
446.1,1866.0,1779.0
446.2,1862.0,1774.0
446.3,1857.0,1770.0
446.4,1848.0,1767.0
446.5,1845.0,1761.0
446.6,1839.0,1761.0
446.7,1832.0,1764.0
446.8,1825.0,1760.0
446.9,1821.0,1757.0
447.0,1817.0,1759.0
447.1,1810.0,1754.0
447.2,1805.0,1752.0
447.3,1801.0,1753.0
447.4,1797.0,1751.0
447.5,1794.0,1754.0
447.6,1796.0,1760.0
447.7,1793.0,1763.0
447.8,1790.0,1769.0
447.9,1787.0,1776.0
448.0,1782.0,1783.0
448.1,1779.0,1791.0
448.2,1781.0,1798.0
448.3,1786.0,1802.0
448.4,1784.0,1804.0
448.5,1784.0,1802.0
448.6,1787.0,1794.0
448.7,1794.0,1788.0
448.8,1804.0,1785.0
448.9,1815.0,1782.0
449.0,1825.0,1778.0
449.1,1836.0,1773.0
449.2,1845.0,1768.0
449.3,1851.0,1764.0
449.4,1854.0,1763.0
449.5,1859.0,1760.0
449.6,1864.0,1756.0
449.7,1862.0,1755.0
449.8,1863.0,1752.0
449.9,1855.0,1751.0
450.0,1845.0,1751.0
450.1,1840.0,1752.0
450.2,1836.0,1752.0
450.3,1830.0,1748.0
450.4,1828.0,1748.0
450.5,1826.0,1754.0
450.6,1822.0,1758.0
450.7,1815.0,1764.0
450.8,1814.0,1774.0
450.9,1814.0,1780.0
451.0,1811.0,1786.0
451.1,1807.0,1790.0
451.2,1806.0,1794.0
451.3,1803.0,1798.0
451.4,1801.0,1800.0
451.5,1800.0,1795.0
451.6,1797.0,1787.0
451.7,1797.0,1781.0
451.8,1791.0,1775.0
451.9,1789.0,1767.0
452.0,1791.0,1761.0
452.1,1801.0,1760.0
452.2,1811.0,1755.0
452.3,1820.0,1748.0
452.4,1828.0,1745.0
452.5,1837.0,1742.0
452.6,1844.0,1740.0
452.7,1854.0,1739.0
452.8,1861.0,1738.0
452.9,1866.0,1739.0
453.0,1874.0,1737.0
453.1,1879.0,1733.0
453.2,1876.0,1734.0
453.3,1876.0,1740.0
453.4,1872.0,1749.0
453.5,1863.0,1758.0
453.6,1862.0,1767.0
453.7,1859.0,1776.0
453.8,1851.0,1782.0
453.9,1844.0,1788.0
454.0,1837.0,1798.0
454.1,1832.0,1802.0
454.2,1831.0,1803.0
454.3,1825.0,1802.0
454.4,1817.0,1798.0
454.5,1809.0,1792.0
454.6,1804.0,1786.0
454.7,1800.0,1779.0
454.8,1798.0,1772.0
454.9,1794.0,1766.0
455.0,1790.0,1755.0
455.1,1790.0,1749.0
455.2,1784.0,1747.0
455.3,1780.0,1746.0
455.4,1782.0,1745.0
455.5,1784.0,1743.0
455.6,1785.0,1740.0
455.7,1791.0,1737.0
455.8,1796.0,1739.0
455.9,1802.0,1739.0
456.0,1810.0,1736.0
456.1,1822.0,1733.0
456.2,1833.0,1732.0
456.3,1841.0,1732.0
456.4,1848.0,1733.0
456.5,1852.0,1738.0
456.6,1857.0,1746.0
456.7,1859.0,1754.0
456.8,1860.0,1762.0
456.9,1859.0,1770.0
457.0,1854.0,1780.0
457.1,1846.0,1794.0
457.2,1841.0,1803.0
457.3,1835.0,1809.0
457.4,1827.0,1815.0
457.5,1823.0,1818.0
457.6,1817.0,1813.0
457.7,1811.0,1806.0
457.8,1808.0,1799.0
457.9,1800.0,1794.0
458.0,1796.0,1787.0
458.1,1796.0,1780.0
458.2,1796.0,1772.0
458.3,1793.0,1766.0
458.4,1791.0,1761.0
458.5,1789.0,1758.0
458.6,1788.0,1755.0
458.7,1787.0,1751.0
458.8,1786.0,1748.0
458.9,1785.0,1744.0
459.0,1787.0,1741.0
459.1,1790.0,1741.0
459.2,1797.0,1739.0
459.3,1805.0,1737.0
459.4,1816.0,1740.0
459.5,1825.0,1746.0
459.6,1836.0,1751.0
459.7,1845.0,1762.0
459.8,1851.0,1773.0
459.9,1852.0,1781.0
460.0,1855.0,1790.0
460.1,1857.0,1798.0
460.2,1854.0,1804.0
460.3,1849.0,1808.0
460.4,1843.0,1815.0
460.5,1836.0,1820.0
460.6,1831.0,1821.0
460.7,1827.0,1816.0
460.8,1823.0,1805.0
460.9,1813.0,1792.0
461.0,1808.0,1782.0
461.1,1803.0,1777.0
461.2,1797.0,1772.0
461.3,1797.0,1762.0
461.4,1795.0,1752.0
461.5,1792.0,1747.0
461.6,1789.0,1742.0
461.7,1788.0,1742.0
461.8,1785.0,1742.0
461.9,1788.0,1741.0
462.0,1787.0,1741.0
462.1,1787.0,1740.0
462.2,1787.0,1738.0
462.3,1789.0,1737.0
462.4,1794.0,1739.0
462.5,1804.0,1738.0
462.6,1814.0,1735.0
462.7,1820.0,1737.0
462.8,1829.0,1734.0
462.9,1839.0,1737.0
463.0,1845.0,1746.0
463.1,1847.0,1754.0
463.2,1853.0,1765.0
463.3,1857.0,1774.0
463.4,1855.0,1780.0
463.5,1850.0,1789.0
463.6,1844.0,1800.0
463.7,1836.0,1803.0
463.8,1830.0,1806.0
463.9,1827.0,1807.0
464.0,1822.0,1800.0
464.1,1816.0,1791.0
464.2,1810.0,1788.0
464.3,1803.0,1783.0
464.4,1800.0,1775.0
464.5,1799.0,1771.0
464.6,1801.0,1763.0
464.7,1801.0,1760.0
464.8,1797.0,1762.0
464.9,1795.0,1756.0
465.0,1793.0,1756.0
465.1,1793.0,1758.0
465.2,1797.0,1748.0
465.3,1797.0,1743.0
465.4,1795.0,1743.0
465.5,1797.0,1740.0
465.6,1794.0,1739.0
465.7,1790.0,1740.0
465.8,1795.0,1740.0
465.9,1801.0,1744.0
466.0,1809.0,1752.0
466.1,1818.0,1763.0
466.2,1827.0,1771.0
466.3,1837.0,1780.0
466.4,1844.0,1785.0
466.5,1848.0,1792.0
466.6,1854.0,1798.0
466.7,1858.0,1801.0
466.8,1858.0,1800.0
466.9,1854.0,1794.0
467.0,1849.0,1785.0
467.1,1841.0,1780.0
467.2,1836.0,1774.0
467.3,1834.0,1768.0
467.4,1827.0,1766.0
467.5,1823.0,1762.0
467.6,1819.0,1756.0
467.7,1812.0,1752.0
467.8,1805.0,1746.0
467.9,1803.0,1743.0
468.0,1804.0,1744.0
468.1,1802.0,1743.0
468.2,1799.0,1741.0
468.3,1800.0,1737.0
468.4,1798.0,1733.0
468.5,1795.0,1733.0
468.6,1795.0,1733.0
468.7,1797.0,1734.0
468.8,1794.0,1733.0
468.9,1796.0,1732.0
469.0,1798.0,1734.0
469.1,1799.0,1736.0
469.2,1808.0,1740.0
469.3,1820.0,1746.0
469.4,1823.0,1756.0
469.5,1830.0,1765.0
469.6,1839.0,1772.0
469.7,1846.0,1781.0
469.8,1849.0,1784.0
469.9,1856.0,1786.0
470.0,1859.0,1791.0
470.1,1863.0,1791.0
470.2,1869.0,1787.0
470.3,1872.0,1782.0
470.4,1875.0,1773.0
470.5,1883.0,1765.0
470.6,1887.0,1761.0
470.7,1885.0,1758.0
470.8,1884.0,1755.0
470.9,1876.0,1748.0
471.0,1870.0,1742.0
471.1,1867.0,1739.0
471.2,1855.0,1735.0
471.3,1848.0,1733.0
471.4,1843.0,1734.0
471.5,1833.0,1734.0
471.6,1824.0,1733.0
471.7,1822.0,1733.0
471.8,1816.0,1729.0
471.9,1812.0,1728.0
472.0,1812.0,1732.0
472.1,1805.0,1733.0
472.2,1801.0,1731.0
472.3,1797.0,1728.0
472.4,1794.0,1728.0
472.5,1792.0,1728.0
472.6,1790.0,1729.0
472.7,1793.0,1732.0
472.8,1794.0,1736.0
472.9,1793.0,1740.0
473.0,1791.0,1746.0
473.1,1790.0,1753.0
473.2,1789.0,1759.0
473.3,1787.0,1766.0
473.4,1788.0,1775.0
473.5,1789.0,1780.0
473.6,1789.0,1785.0
473.7,1792.0,1789.0
473.8,1799.0,1792.0
473.9,1806.0,1793.0
474.0,1812.0,1790.0
474.1,1820.0,1785.0
474.2,1827.0,1780.0
474.3,1832.0,1770.0
474.4,1840.0,1762.0
474.5,1844.0,1755.0
474.6,1844.0,1750.0
474.7,1846.0,1746.0
474.8,1840.0,1745.0
474.9,1832.0,1739.0
475.0,1827.0,1735.0
475.1,1820.0,1733.0
475.2,1814.0,1731.0
475.3,1810.0,1730.0
475.4,1800.0,1732.0
475.5,1795.0,1728.0
475.6,1796.0,1729.0
475.7,1795.0,1728.0
475.8,1789.0,1725.0
475.9,1788.0,1727.0
476.0,1788.0,1730.0
476.1,1785.0,1730.0
476.2,1785.0,1726.0
476.3,1788.0,1726.0
476.4,1788.0,1727.0
476.5,1785.0,1732.0
476.6,1784.0,1743.0
476.7,1783.0,1750.0
476.8,1781.0,1757.0
476.9,1782.0,1765.0
477.0,1788.0,1770.0
477.1,1794.0,1774.0
477.2,1799.0,1779.0
477.3,1805.0,1784.0
477.4,1813.0,1787.0
477.5,1816.0,1787.0
477.6,1824.0,1784.0
477.7,1831.0,1780.0
477.8,1833.0,1773.0
477.9,1835.0,1768.0
478.0,1836.0,1766.0
478.1,1836.0,1763.0
478.2,1834.0,1757.0
478.3,1830.0,1755.0
478.4,1825.0,1752.0
478.5,1822.0,1746.0
478.6,1818.0,1743.0
478.7,1813.0,1745.0
478.8,1806.0,1743.0
478.9,1799.0,1738.0
479.0,1796.0,1738.0
479.1,1796.0,1739.0
479.2,1798.0,1737.0
479.3,1798.0,1737.0
479.4,1794.0,1739.0
479.5,1789.0,1737.0
479.6,1785.0,1737.0
479.7,1784.0,1737.0
479.8,1786.0,1734.0
479.9,1789.0,1738.0
480.0,1792.0,1745.0
480.1,1792.0,1752.0
480.2,1794.0,1759.0
480.3,1797.0,1766.0
480.4,1802.0,1773.0
480.5,1809.0,1780.0
480.6,1818.0,1784.0
480.7,1826.0,1789.0
480.8,1836.0,1794.0
480.9,1843.0,1797.0
481.0,1851.0,1797.0
481.1,1855.0,1798.0
481.2,1857.0,1789.0
481.3,1864.0,1781.0
481.4,1869.0,1780.0
481.5,1875.0,1776.0
481.6,1880.0,1771.0
481.7,1884.0,1768.0
481.8,1881.0,1762.0
481.9,1875.0,1757.0
482.0,1869.0,1758.0
482.1,1864.0,1756.0
482.2,1858.0,1752.0
482.3,1850.0,1752.0
482.4,1844.0,1749.0
482.5,1836.0,1748.0
482.6,1828.0,1748.0
482.7,1824.0,1743.0
482.8,1822.0,1747.0
482.9,1820.0,1746.0
483.0,1816.0,1745.0
483.1,1810.0,1746.0
483.2,1806.0,1750.0
483.3,1805.0,1753.0
483.4,1803.0,1762.0
483.5,1800.0,1773.0
483.6,1798.0,1779.0
483.7,1797.0,1785.0
483.8,1795.0,1788.0
483.9,1791.0,1790.0
484.0,1789.0,1794.0
484.1,1788.0,1794.0
484.2,1789.0,1788.0
484.3,1789.0,1782.0
484.4,1786.0,1777.0
484.5,1785.0,1771.0
484.6,1785.0,1765.0
484.7,1786.0,1759.0
484.8,1791.0,1756.0
484.9,1799.0,1754.0
485.0,1808.0,1748.0
485.1,1817.0,1745.0
485.2,1827.0,1740.0
485.3,1837.0,1738.0
485.4,1841.0,1737.0
485.5,1843.0,1735.0
485.6,1846.0,1735.0
485.7,1849.0,1728.0
485.8,1848.0,1728.0
485.9,1842.0,1725.0
486.0,1837.0,1729.0
486.1,1831.0,1735.0
486.2,1823.0,1742.0
486.3,1817.0,1750.0
486.4,1813.0,1757.0
486.5,1810.0,1765.0
486.6,1806.0,1768.0
486.7,1802.0,1775.0
486.8,1797.0,1780.0
486.9,1793.0,1785.0
487.0,1790.0,1789.0
487.1,1791.0,1791.0
487.2,1790.0,1788.0
487.3,1788.0,1782.0
487.4,1788.0,1777.0
487.5,1785.0,1772.0
487.6,1784.0,1767.0
487.7,1784.0,1759.0
487.8,1786.0,1752.0
487.9,1787.0,1743.0
488.0,1785.0,1737.0
488.1,1782.0,1736.0
488.2,1785.0,1737.0
488.3,1791.0,1733.0
488.4,1796.0,1732.0
488.5,1807.0,1736.0
488.6,1816.0,1734.0
488.7,1824.0,1735.0
488.8,1835.0,1737.0
488.9,1840.0,1736.0
489.0,1842.0,1732.0
489.1,1848.0,1733.0
489.2,1854.0,1741.0
489.3,1848.0,1744.0
489.4,1840.0,1751.0
489.5,1835.0,1760.0
489.6,1826.0,1769.0
489.7,1818.0,1772.0
489.8,1815.0,1779.0
489.9,1809.0,1784.0
490.0,1801.0,1786.0
490.1,1796.0,1789.0
490.2,1793.0,1791.0
490.3,1789.0,1790.0
490.4,1786.0,1784.0
490.5,1785.0,1780.0
490.6,1785.0,1774.0
490.7,1786.0,1770.0
490.8,1787.0,1766.0
490.9,1784.0,1763.0
491.0,1781.0,1756.0
491.1,1777.0,1750.0
491.2,1777.0,1744.0
491.3,1781.0,1742.0
491.4,1783.0,1741.0
491.5,1782.0,1743.0
491.6,1783.0,1743.0
491.7,1784.0,1743.0
491.8,1784.0,1741.0
491.9,1790.0,1737.0
492.0,1799.0,1737.0
492.1,1807.0,1738.0
492.2,1813.0,1738.0
492.3,1816.0,1738.0
492.4,1821.0,1739.0
492.5,1826.0,1744.0
492.6,1829.0,1751.0
492.7,1832.0,1759.0
492.8,1832.0,1768.0
492.9,1827.0,1780.0
493.0,1822.0,1787.0
493.1,1815.0,1794.0
493.2,1807.0,1804.0
493.3,1804.0,1809.0
493.4,1801.0,1816.0
493.5,1797.0,1822.0
493.6,1794.0,1822.0
493.7,1790.0,1823.0
493.8,1788.0,1821.0
493.9,1785.0,1811.0
494.0,1785.0,1800.0
494.1,1787.0,1794.0
494.2,1787.0,1787.0
494.3,1786.0,1777.0
494.4,1782.0,1768.0
494.5,1780.0,1755.0
494.6,1778.0,1746.0
494.7,1778.0,1745.0
494.8,1781.0,1747.0
494.9,1786.0,1749.0
495.0,1793.0,1746.0
495.1,1800.0,1743.0
495.2,1805.0,1741.0
495.3,1813.0,1746.0
495.4,1824.0,1749.0
495.5,1833.0,1747.0
495.6,1838.0,1746.0
495.7,1839.0,1744.0
495.8,1842.0,1740.0
495.9,1841.0,1739.0
496.0,1834.0,1739.0
496.1,1827.0,1737.0
496.2,1820.0,1735.0
496.3,1814.0,1734.0
496.4,1807.0,1735.0
496.5,1800.0,1739.0
496.6,1795.0,1747.0
496.7,1791.0,1755.0
496.8,1788.0,1765.0
496.9,1787.0,1771.0
497.0,1785.0,1777.0
497.1,1784.0,1784.0
497.2,1783.0,1793.0
497.3,1781.0,1797.0
497.4,1784.0,1800.0
497.5,1788.0,1802.0
497.6,1788.0,1797.0
497.7,1790.0,1794.0
497.8,1795.0,1788.0
497.9,1800.0,1782.0
498.0,1803.0,1777.0
498.1,1810.0,1771.0
498.2,1820.0,1767.0
498.3,1829.0,1764.0
498.4,1837.0,1760.0
498.5,1843.0,1756.0
498.6,1846.0,1756.0
498.7,1848.0,1748.0
498.8,1852.0,1747.0
498.9,1855.0,1745.0
499.0,1851.0,1741.0
499.1,1844.0,1744.0
499.2,1839.0,1744.0
499.3,1833.0,1741.0
499.4,1825.0,1738.0
499.5,1822.0,1735.0
499.6,1823.0,1739.0
499.7,1822.0,1744.0
499.8,1819.0,1755.0
499.9,1815.0,1759.0
500.0,,
